,Timestamp,Open,High,Low,Close,Volume,Timestamp_iso
0,1725785100.0,0.19,0.1903,0.1894,0.1903,44544.19,2024-09-08 10:45:00+02:00
1,1725786000.0,0.1903,0.192,0.1894,0.1918,39602.9,2024-09-08 11:00:00+02:00
2,1725786900.0,0.1918,0.1921,0.1899,0.1899,43007.51,2024-09-08 11:15:00+02:00
3,1725787800.0,0.1899,0.1904,0.1897,0.1897,50662.14,2024-09-08 11:30:00+02:00
4,1725788700.0,0.1897,0.1905,0.1893,0.19,54967.21,2024-09-08 11:45:00+02:00
5,1725789600.0,0.19,0.1911,0.1899,0.1907,56674.25,2024-09-08 12:00:00+02:00
6,1725790500.0,0.1907,0.1911,0.1903,0.1908,57668.28,2024-09-08 12:15:00+02:00
7,1725791400.0,0.1908,0.1909,0.1901,0.1905,47078.04,2024-09-08 12:30:00+02:00
8,1725792300.0,0.1905,0.1911,0.1905,0.1906,58494.67,2024-09-08 12:45:00+02:00
9,1725793200.0,0.1906,0.191,0.1902,0.1905,58275.69,2024-09-08 13:00:00+02:00
10,1725794100.0,0.1905,0.1905,0.1896,0.1896,58832.88,2024-09-08 13:15:00+02:00
11,1725795000.0,0.1896,0.1901,0.1882,0.1886,52049.0,2024-09-08 13:30:00+02:00
12,1725795900.0,0.1886,0.189,0.1882,0.1886,65464.34,2024-09-08 13:45:00+02:00
13,1725796800.0,0.1886,0.1892,0.1883,0.1891,55212.78,2024-09-08 14:00:00+02:00
14,1725797700.0,0.1891,0.1892,0.1881,0.1882,64177.27,2024-09-08 14:15:00+02:00
15,1725798600.0,0.1882,0.1882,0.1862,0.1871,66971.19,2024-09-08 14:30:00+02:00
16,1725799500.0,0.1871,0.1872,0.1856,0.1861,67892.79,2024-09-08 14:45:00+02:00
17,1725800400.0,0.1861,0.1864,0.1852,0.1861,61773.98,2024-09-08 15:00:00+02:00
18,1725801300.0,0.1861,0.187,0.1859,0.187,53660.75,2024-09-08 15:15:00+02:00
19,1725802200.0,0.187,0.1873,0.1866,0.187,49452.84,2024-09-08 15:30:00+02:00
20,1725803100.0,0.187,0.1879,0.1869,0.1877,59704.33,2024-09-08 15:45:00+02:00
21,1725804000.0,0.1877,0.1877,0.1868,0.1872,52797.44,2024-09-08 16:00:00+02:00
22,1725804900.0,0.1872,0.1879,0.187,0.1876,53561.94,2024-09-08 16:15:00+02:00
23,1725805800.0,0.1876,0.1876,0.1866,0.1871,66255.02,2024-09-08 16:30:00+02:00
24,1725806700.0,0.1871,0.1871,0.1863,0.1867,58963.54,2024-09-08 16:45:00+02:00
25,1725807600.0,0.1867,0.1875,0.1866,0.1868,60632.7,2024-09-08 17:00:00+02:00
26,1725808500.0,0.1868,0.1873,0.1864,0.1869,49240.62,2024-09-08 17:15:00+02:00
27,1725809400.0,0.1869,0.1874,0.1867,0.1873,60171.56,2024-09-08 17:30:00+02:00
28,1725810300.0,0.1873,0.1875,0.1861,0.1864,63286.28,2024-09-08 17:45:00+02:00
29,1725811200.0,0.1864,0.1879,0.1859,0.1877,52948.08,2024-09-08 18:00:00+02:00
30,1725812100.0,0.1877,0.1884,0.1872,0.1873,62958.0,2024-09-08 18:15:00+02:00
31,1725813000.0,0.1873,0.1873,0.1856,0.186,53442.11,2024-09-08 18:30:00+02:00
32,1725813900.0,0.186,0.1863,0.1853,0.1857,51821.42,2024-09-08 18:45:00+02:00
33,1725814800.0,0.1857,0.1867,0.1857,0.1861,44152.62,2024-09-08 19:00:00+02:00
34,1725815700.0,0.1861,0.1871,0.1859,0.1868,48568.43,2024-09-08 19:15:00+02:00
35,1725816600.0,0.1868,0.1874,0.1866,0.187,42155.97,2024-09-08 19:30:00+02:00
36,1725817500.0,0.187,0.1874,0.1864,0.1874,21210.47,2024-09-08 19:45:00+02:00
37,1725818400.0,0.1874,0.1874,0.1863,0.1868,23970.7,2024-09-08 20:00:00+02:00
38,1725819300.0,0.1868,0.1873,0.1867,0.1869,27726.5,2024-09-08 20:15:00+02:00
39,1725820200.0,0.1869,0.188,0.1867,0.188,31513.77,2024-09-08 20:30:00+02:00
40,1725821100.0,0.188,0.188,0.1874,0.1875,55045.8,2024-09-08 20:45:00+02:00
41,1725822000.0,0.1875,0.188,0.1872,0.1878,52346.98,2024-09-08 21:00:00+02:00
42,1725822900.0,0.1878,0.1878,0.187,0.1871,63645.27,2024-09-08 21:15:00+02:00
43,1725823800.0,0.1871,0.1877,0.1871,0.1876,44573.81,2024-09-08 21:30:00+02:00
44,1725824700.0,0.1876,0.1881,0.1876,0.1876,40208.86,2024-09-08 21:45:00+02:00
45,1725825600.0,0.1876,0.188,0.1872,0.1876,29079.7,2024-09-08 22:00:00+02:00
46,1725826500.0,0.1876,0.1877,0.1867,0.1871,29332.49,2024-09-08 22:15:00+02:00
47,1725827400.0,0.1871,0.1876,0.187,0.1875,34952.37,2024-09-08 22:30:00+02:00
48,1725828300.0,0.1875,0.1883,0.1873,0.1882,28129.78,2024-09-08 22:45:00+02:00
49,1725829200.0,0.1882,0.1886,0.188,0.1882,36347.83,2024-09-08 23:00:00+02:00
50,1725830100.0,0.1882,0.1888,0.1875,0.1879,31306.18,2024-09-08 23:15:00+02:00
51,1725831000.0,0.1879,0.1887,0.1877,0.1885,38926.34,2024-09-08 23:30:00+02:00
52,1725831900.0,0.1885,0.1885,0.1882,0.1885,40334.89,2024-09-08 23:45:00+02:00
53,1725832800.0,0.1885,0.1887,0.1878,0.1881,43805.01,2024-09-09 00:00:00+02:00
54,1725833700.0,0.1881,0.1898,0.1881,0.1892,47992.0,2024-09-09 00:15:00+02:00
55,1725834600.0,0.1892,0.1894,0.188,0.1883,44157.43,2024-09-09 00:30:00+02:00
56,1725835500.0,0.1883,0.189,0.188,0.1882,58586.85,2024-09-09 00:45:00+02:00
57,1725836400.0,0.1882,0.1888,0.1873,0.1886,62184.59,2024-09-09 01:00:00+02:00
58,1725837300.0,0.1886,0.1895,0.1881,0.1895,70170.4,2024-09-09 01:15:00+02:00
59,1725838200.0,0.1895,0.1895,0.1886,0.1892,51508.81,2024-09-09 01:30:00+02:00
60,1725839100.0,0.1892,0.1897,0.1889,0.1889,51162.73,2024-09-09 01:45:00+02:00
61,1725840000.0,0.1889,0.1897,0.1886,0.1895,39132.65,2024-09-09 02:00:00+02:00
62,1725840900.0,0.1895,0.1919,0.1895,0.1919,46355.83,2024-09-09 02:15:00+02:00
63,1725841800.0,0.1919,0.1921,0.1896,0.1896,44555.59,2024-09-09 02:30:00+02:00
64,1725842700.0,0.1896,0.1901,0.1864,0.1879,39100.19,2024-09-09 02:45:00+02:00
65,1725843600.0,0.1879,0.1902,0.1875,0.1892,49703.28,2024-09-09 03:00:00+02:00
66,1725844500.0,0.1892,0.1892,0.1875,0.1887,35954.92,2024-09-09 03:15:00+02:00
67,1725845400.0,0.1887,0.189,0.1879,0.1888,52994.63,2024-09-09 03:30:00+02:00
68,1725846300.0,0.1888,0.189,0.1879,0.1882,64836.32,2024-09-09 03:45:00+02:00
69,1725847200.0,0.1882,0.1882,0.187,0.1871,59333.94,2024-09-09 04:00:00+02:00
70,1725848100.0,0.1871,0.1885,0.1864,0.1875,60512.47,2024-09-09 04:15:00+02:00
71,1725849000.0,0.1875,0.188,0.1872,0.1876,47826.36,2024-09-09 04:30:00+02:00
72,1725849900.0,0.1876,0.1877,0.1869,0.1874,43309.86,2024-09-09 04:45:00+02:00
73,1725850800.0,0.1874,0.1875,0.1867,0.1869,55792.9,2024-09-09 05:00:00+02:00
74,1725851700.0,0.1869,0.187,0.1853,0.1863,50391.63,2024-09-09 05:15:00+02:00
75,1725852600.0,0.1863,0.1871,0.1859,0.187,49860.69,2024-09-09 05:30:00+02:00
76,1725853500.0,0.187,0.1872,0.1866,0.1869,36567.07,2024-09-09 05:45:00+02:00
77,1725854400.0,0.1869,0.1879,0.1868,0.1876,33178.22,2024-09-09 06:00:00+02:00
78,1725855300.0,0.1876,0.1877,0.1865,0.1866,33258.33,2024-09-09 06:15:00+02:00
79,1725856200.0,0.1866,0.1868,0.186,0.186,32604.85,2024-09-09 06:30:00+02:00
80,1725857100.0,0.186,0.1864,0.1859,0.1861,28023.39,2024-09-09 06:45:00+02:00
81,1725858000.0,0.1861,0.1861,0.184,0.1852,37101.4,2024-09-09 07:00:00+02:00
82,1725858900.0,0.1852,0.1853,0.1842,0.1842,26091.89,2024-09-09 07:15:00+02:00
83,1725859800.0,0.1842,0.1852,0.1842,0.1846,38431.92,2024-09-09 07:30:00+02:00
84,1725860700.0,0.1846,0.1849,0.184,0.1847,44608.22,2024-09-09 07:45:00+02:00
85,1725861600.0,0.1847,0.1849,0.1842,0.1847,43275.85,2024-09-09 08:00:00+02:00
86,1725862500.0,0.1847,0.1852,0.1843,0.1851,42646.54,2024-09-09 08:15:00+02:00
87,1725863400.0,0.1851,0.1865,0.185,0.1863,30638.63,2024-09-09 08:30:00+02:00
88,1725864300.0,0.1863,0.1864,0.1851,0.1857,34567.4,2024-09-09 08:45:00+02:00
89,1725865200.0,0.1857,0.1859,0.1853,0.1857,31375.11,2024-09-09 09:00:00+02:00
90,1725866100.0,0.1857,0.186,0.1852,0.1856,29974.43,2024-09-09 09:15:00+02:00
91,1725867000.0,0.1856,0.1865,0.1855,0.186,39950.79,2024-09-09 09:30:00+02:00
92,1725867900.0,0.186,0.1869,0.1856,0.1864,49364.9,2024-09-09 09:45:00+02:00
93,1725868800.0,0.1864,0.1874,0.1861,0.1871,51317.0,2024-09-09 10:00:00+02:00
94,1725869700.0,0.1871,0.1875,0.1865,0.1875,46231.21,2024-09-09 10:15:00+02:00
95,1725870600.0,0.1875,0.1875,0.1864,0.1873,55998.12,2024-09-09 10:30:00+02:00
96,1725871500.0,0.1873,0.1886,0.187,0.1884,55719.66,2024-09-09 10:45:00+02:00
97,1725872400.0,0.1884,0.1896,0.1877,0.1881,46931.09,2024-09-09 11:00:00+02:00
98,1725873300.0,0.1881,0.1891,0.1872,0.1884,54279.6,2024-09-09 11:15:00+02:00
99,1725874200.0,0.1884,0.189,0.1884,0.1889,43030.87,2024-09-09 11:30:00+02:00
100,1725875100.0,0.1889,0.1893,0.188,0.188,43742.94,2024-09-09 11:45:00+02:00
101,1725876000.0,0.188,0.1886,0.1876,0.1885,61820.64,2024-09-09 12:00:00+02:00
102,1725876900.0,0.1885,0.1901,0.1885,0.1899,70829.39,2024-09-09 12:15:00+02:00
103,1725877800.0,0.1899,0.19,0.1885,0.1886,44701.44,2024-09-09 12:30:00+02:00
104,1725878700.0,0.1886,0.189,0.1881,0.1884,52543.92,2024-09-09 12:45:00+02:00
105,1725879600.0,0.1884,0.1885,0.1874,0.1876,43787.91,2024-09-09 13:00:00+02:00
106,1725880500.0,0.1876,0.188,0.1872,0.1877,47672.77,2024-09-09 13:15:00+02:00
107,1725881400.0,0.1877,0.1892,0.1877,0.1883,49966.6,2024-09-09 13:30:00+02:00
108,1725882300.0,0.1883,0.1894,0.1882,0.1892,49695.37,2024-09-09 13:45:00+02:00
109,1725883200.0,0.1892,0.1896,0.1881,0.1881,41340.94,2024-09-09 14:00:00+02:00
110,1725884100.0,0.1881,0.1884,0.1878,0.188,48631.69,2024-09-09 14:15:00+02:00
111,1725885000.0,0.188,0.1887,0.1878,0.1884,56766.12,2024-09-09 14:30:00+02:00
112,1725885900.0,0.1884,0.1887,0.1878,0.1885,55896.1,2024-09-09 14:45:00+02:00
113,1725886800.0,0.1885,0.1893,0.1881,0.1891,49296.35,2024-09-09 15:00:00+02:00
114,1725887700.0,0.1891,0.1901,0.1887,0.19,59504.02,2024-09-09 15:15:00+02:00
115,1725888600.0,0.19,0.1926,0.1898,0.1919,66224.39,2024-09-09 15:30:00+02:00
116,1725889500.0,0.1919,0.1923,0.1902,0.1904,69607.27,2024-09-09 15:45:00+02:00
117,1725890400.0,0.1904,0.1905,0.1887,0.1889,71211.13,2024-09-09 16:00:00+02:00
118,1725891300.0,0.1889,0.1889,0.1881,0.1883,65955.26,2024-09-09 16:15:00+02:00
119,1725892200.0,0.1883,0.1883,0.1865,0.1867,73145.21,2024-09-09 16:30:00+02:00
120,1725893100.0,0.1867,0.1876,0.186,0.1861,51989.94,2024-09-09 16:45:00+02:00
121,1725894000.0,0.1861,0.187,0.1858,0.1859,46783.58,2024-09-09 17:00:00+02:00
122,1725894900.0,0.1859,0.1868,0.1855,0.1865,64494.74,2024-09-09 17:15:00+02:00
123,1725895800.0,0.1865,0.1877,0.1862,0.1865,57534.5,2024-09-09 17:30:00+02:00
124,1725896700.0,0.1865,0.1875,0.1861,0.187,77477.65,2024-09-09 17:45:00+02:00
125,1725897600.0,0.187,0.189,0.1868,0.1883,71328.11,2024-09-09 18:00:00+02:00
126,1725898500.0,0.1883,0.1906,0.188,0.1902,58868.9,2024-09-09 18:15:00+02:00
127,1725899400.0,0.1902,0.1907,0.1891,0.1899,58354.91,2024-09-09 18:30:00+02:00
128,1725900300.0,0.1899,0.1908,0.1897,0.1903,54440.71,2024-09-09 18:45:00+02:00
129,1725901200.0,0.1903,0.1916,0.1901,0.1906,70244.77,2024-09-09 19:00:00+02:00
130,1725902100.0,0.1906,0.191,0.1904,0.1909,64473.81,2024-09-09 19:15:00+02:00
131,1725903000.0,0.1909,0.1912,0.1904,0.1909,46102.48,2024-09-09 19:30:00+02:00
132,1725903900.0,0.1909,0.1912,0.1904,0.1911,35582.08,2024-09-09 19:45:00+02:00
133,1725904800.0,0.1911,0.1919,0.1906,0.1908,34861.48,2024-09-09 20:00:00+02:00
134,1725905700.0,0.1908,0.1912,0.1906,0.1906,45245.91,2024-09-09 20:15:00+02:00
135,1725906600.0,0.1906,0.1913,0.1902,0.1913,51177.63,2024-09-09 20:30:00+02:00
136,1725907500.0,0.1913,0.1918,0.1907,0.191,62595.3,2024-09-09 20:45:00+02:00
137,1725908400.0,0.191,0.191,0.1902,0.1903,60796.74,2024-09-09 21:00:00+02:00
138,1725909300.0,0.1903,0.1914,0.1902,0.1913,65649.64,2024-09-09 21:15:00+02:00
139,1725910200.0,0.1913,0.1921,0.191,0.1921,62643.35,2024-09-09 21:30:00+02:00
140,1725911100.0,0.1921,0.1926,0.1918,0.1925,47570.77,2024-09-09 21:45:00+02:00
141,1725912000.0,0.1925,0.1926,0.1911,0.1913,46418.99,2024-09-09 22:00:00+02:00
142,1725912900.0,0.1913,0.1922,0.1912,0.192,51865.26,2024-09-09 22:15:00+02:00
143,1725913800.0,0.192,0.1926,0.1918,0.192,38320.09,2024-09-09 22:30:00+02:00
144,1725914700.0,0.192,0.1944,0.1919,0.1934,26481.33,2024-09-09 22:45:00+02:00
145,1725915600.0,0.1934,0.1943,0.1932,0.1938,26755.89,2024-09-09 23:00:00+02:00
146,1725916500.0,0.1938,0.1948,0.1935,0.1939,30691.15,2024-09-09 23:15:00+02:00
147,1725917400.0,0.1939,0.194,0.1934,0.1937,48821.54,2024-09-09 23:30:00+02:00
148,1725918300.0,0.1937,0.1939,0.193,0.1934,69926.16,2024-09-09 23:45:00+02:00
149,1725919200.0,0.1934,0.1938,0.1924,0.1924,55680.2,2024-09-10 00:00:00+02:00
150,1725920100.0,0.1924,0.1938,0.1924,0.1936,71409.0,2024-09-10 00:15:00+02:00
151,1725921000.0,0.1936,0.1936,0.193,0.1936,56402.22,2024-09-10 00:30:00+02:00
152,1725921900.0,0.1936,0.1945,0.1932,0.1937,50675.25,2024-09-10 00:45:00+02:00
153,1725922800.0,0.1937,0.1943,0.1936,0.194,47540.07,2024-09-10 01:00:00+02:00
154,1725923700.0,0.194,0.1942,0.1932,0.1935,39848.54,2024-09-10 01:15:00+02:00
155,1725924600.0,0.1935,0.1944,0.1933,0.1944,52308.91,2024-09-10 01:30:00+02:00
156,1725925500.0,0.1944,0.1953,0.1941,0.1943,61063.35,2024-09-10 01:45:00+02:00
157,1725926400.0,0.1943,0.1971,0.1938,0.1956,50831.02,2024-09-10 02:00:00+02:00
158,1725927300.0,0.1956,0.197,0.1924,0.1927,56173.72,2024-09-10 02:15:00+02:00
159,1725928200.0,0.1927,0.1943,0.1925,0.1942,66068.09,2024-09-10 02:30:00+02:00
160,1725929100.0,0.1942,0.1949,0.1928,0.1939,76116.41,2024-09-10 02:45:00+02:00
161,1725930000.0,0.1939,0.1949,0.1936,0.1945,64506.1,2024-09-10 03:00:00+02:00
162,1725930900.0,0.1945,0.1951,0.194,0.1944,73226.13,2024-09-10 03:15:00+02:00
163,1725931800.0,0.1944,0.1949,0.1939,0.1944,61307.32,2024-09-10 03:30:00+02:00
164,1725932700.0,0.1944,0.1944,0.1929,0.193,40314.84,2024-09-10 03:45:00+02:00
165,1725933600.0,0.193,0.1933,0.1925,0.1933,40013.09,2024-09-10 04:00:00+02:00
166,1725934500.0,0.1933,0.1953,0.1932,0.1936,43626.84,2024-09-10 04:15:00+02:00
167,1725935400.0,0.1936,0.1958,0.1935,0.1955,39856.74,2024-09-10 04:30:00+02:00
168,1725936300.0,0.1955,0.197,0.1952,0.1956,63016.93,2024-09-10 04:45:00+02:00
169,1725937200.0,0.1956,0.1967,0.1954,0.1966,53388.8,2024-09-10 05:00:00+02:00
170,1725938100.0,0.1966,0.1979,0.1966,0.1974,67704.07,2024-09-10 05:15:00+02:00
171,1725939000.0,0.1974,0.1976,0.1968,0.1973,52192.09,2024-09-10 05:30:00+02:00
172,1725939900.0,0.1973,0.203,0.1972,0.2022,49677.13,2024-09-10 05:45:00+02:00
173,1725940800.0,0.2022,0.2093,0.2017,0.2086,53643.71,2024-09-10 06:00:00+02:00
174,1725941700.0,0.2086,0.2148,0.208,0.2137,60160.97,2024-09-10 06:15:00+02:00
175,1725942600.0,0.2137,0.2138,0.2024,0.2052,100521.88,2024-09-10 06:30:00+02:00
176,1725943500.0,0.2052,0.2067,0.2045,0.2062,62217.35,2024-09-10 06:45:00+02:00
177,1725944400.0,0.2062,0.2062,0.2045,0.2055,73597.65,2024-09-10 07:00:00+02:00
178,1725945300.0,0.2055,0.2055,0.2012,0.2024,64096.84,2024-09-10 07:15:00+02:00
179,1725946200.0,0.2024,0.208,0.2024,0.2066,69923.39,2024-09-10 07:30:00+02:00
180,1725947100.0,0.2066,0.2081,0.2055,0.2071,47243.68,2024-09-10 07:45:00+02:00
181,1725948000.0,0.2071,0.2085,0.2051,0.2061,52639.31,2024-09-10 08:00:00+02:00
182,1725948900.0,0.2061,0.2084,0.2052,0.2076,53308.24,2024-09-10 08:15:00+02:00
183,1725949800.0,0.2076,0.2077,0.2062,0.2076,47155.04,2024-09-10 08:30:00+02:00
184,1725950700.0,0.2076,0.2084,0.2067,0.2079,49454.87,2024-09-10 08:45:00+02:00
185,1725951600.0,0.2079,0.208,0.2067,0.2074,57424.71,2024-09-10 09:00:00+02:00
186,1725952500.0,0.2074,0.2074,0.2062,0.2067,55607.43,2024-09-10 09:15:00+02:00
187,1725953400.0,0.2067,0.215,0.2067,0.2134,94971.63,2024-09-10 09:30:00+02:00
188,1725954300.0,0.2134,0.2176,0.2128,0.2167,40649.37,2024-09-10 09:45:00+02:00
189,1725955200.0,0.2167,0.2178,0.2082,0.2112,52901.32,2024-09-10 10:00:00+02:00
190,1725956100.0,0.2112,0.2113,0.2069,0.2096,79569.64,2024-09-10 10:15:00+02:00
191,1725957000.0,0.2096,0.2115,0.2088,0.2091,54305.91,2024-09-10 10:30:00+02:00
192,1725957900.0,0.2091,0.2108,0.209,0.2099,76425.01,2024-09-10 10:45:00+02:00
193,1725958800.0,0.2099,0.2103,0.2077,0.2098,84496.55,2024-09-10 11:00:00+02:00
194,1725959700.0,0.2098,0.2111,0.2083,0.2085,78832.5,2024-09-10 11:15:00+02:00
195,1725960600.0,0.2085,0.2107,0.2084,0.2099,54056.39,2024-09-10 11:30:00+02:00
196,1725961500.0,0.2099,0.212,0.2096,0.2107,36376.77,2024-09-10 11:45:00+02:00
197,1725962400.0,0.2107,0.2116,0.2092,0.2092,23046.7,2024-09-10 12:00:00+02:00
198,1725963300.0,0.2092,0.2094,0.205,0.2058,58282.78,2024-09-10 12:15:00+02:00
199,1725964200.0,0.2058,0.2068,0.205,0.2067,43197.43,2024-09-10 12:30:00+02:00
200,1725965100.0,0.2067,0.2069,0.2055,0.2065,42969.36,2024-09-10 12:45:00+02:00
201,1725966000.0,0.2065,0.2068,0.2055,0.2057,42590.91,2024-09-10 13:00:00+02:00
202,1725966900.0,0.2057,0.2082,0.2052,0.207,39275.56,2024-09-10 13:15:00+02:00
203,1725967800.0,0.207,0.2084,0.2063,0.2074,34925.69,2024-09-10 13:30:00+02:00
204,1725968700.0,0.2074,0.2094,0.2071,0.2075,31987.13,2024-09-10 13:45:00+02:00
205,1725969600.0,0.2075,0.2075,0.2058,0.2063,32795.99,2024-09-10 14:00:00+02:00
206,1725970500.0,0.2063,0.2069,0.2062,0.2069,24100.12,2024-09-10 14:15:00+02:00
207,1725971400.0,0.2069,0.2069,0.2056,0.206,26794.68,2024-09-10 14:30:00+02:00
208,1725972300.0,0.206,0.206,0.2049,0.2057,46442.07,2024-09-10 14:45:00+02:00
209,1725973200.0,0.2057,0.2057,0.2019,0.2025,46164.98,2024-09-10 15:00:00+02:00
210,1725974100.0,0.2025,0.2044,0.2024,0.2034,47415.06,2024-09-10 15:15:00+02:00
211,1725975000.0,0.2034,0.204,0.2027,0.2029,57368.63,2024-09-10 15:30:00+02:00
212,1725975900.0,0.2029,0.2046,0.2028,0.2033,51609.91,2024-09-10 15:45:00+02:00
213,1725976800.0,0.2033,0.2041,0.2027,0.2029,46841.66,2024-09-10 16:00:00+02:00
214,1725977700.0,0.2029,0.2052,0.2024,0.2049,41613.45,2024-09-10 16:15:00+02:00
215,1725978600.0,0.2049,0.205,0.2027,0.2029,40983.12,2024-09-10 16:30:00+02:00
216,1725979500.0,0.2029,0.204,0.2024,0.2026,28754.05,2024-09-10 16:45:00+02:00
217,1725980400.0,0.2026,0.203,0.2012,0.2019,36940.74,2024-09-10 17:00:00+02:00
218,1725981300.0,0.2019,0.2033,0.2019,0.2028,28643.56,2024-09-10 17:15:00+02:00
219,1725982200.0,0.2028,0.2031,0.2018,0.2024,30782.66,2024-09-10 17:30:00+02:00
220,1725983100.0,0.2024,0.2025,0.2014,0.2021,44057.46,2024-09-10 17:45:00+02:00
221,1725984000.0,0.2021,0.2022,0.1999,0.2005,50720.52,2024-09-10 18:00:00+02:00
222,1725984900.0,0.2005,0.2012,0.1999,0.2002,38129.07,2024-09-10 18:15:00+02:00
223,1725985800.0,0.2002,0.2016,0.2002,0.201,47033.65,2024-09-10 18:30:00+02:00
224,1725986700.0,0.201,0.2021,0.2008,0.2012,49296.39,2024-09-10 18:45:00+02:00
225,1725987600.0,0.2012,0.2029,0.2011,0.2024,48460.83,2024-09-10 19:00:00+02:00
226,1725988500.0,0.2024,0.2029,0.2015,0.2028,53406.27,2024-09-10 19:15:00+02:00
227,1725989400.0,0.2028,0.2035,0.2021,0.2028,52895.74,2024-09-10 19:30:00+02:00
228,1725990300.0,0.2028,0.2034,0.2022,0.2032,54672.45,2024-09-10 19:45:00+02:00
229,1725991200.0,0.2032,0.2035,0.2027,0.2033,50924.97,2024-09-10 20:00:00+02:00
230,1725992100.0,0.2033,0.2039,0.2027,0.2039,53401.69,2024-09-10 20:15:00+02:00
231,1725993000.0,0.2039,0.205,0.2034,0.2046,66584.92,2024-09-10 20:30:00+02:00
232,1725993900.0,0.2046,0.2047,0.204,0.2041,66735.02,2024-09-10 20:45:00+02:00
233,1725994800.0,0.2041,0.2043,0.2034,0.2037,46894.85,2024-09-10 21:00:00+02:00
234,1725995700.0,0.2037,0.2051,0.2037,0.2049,58889.19,2024-09-10 21:15:00+02:00
235,1725996600.0,0.2049,0.2056,0.2045,0.2046,46648.67,2024-09-10 21:30:00+02:00
236,1725997500.0,0.2046,0.2054,0.2043,0.2053,34889.54,2024-09-10 21:45:00+02:00
237,1725998400.0,0.2053,0.2058,0.2048,0.2058,41816.87,2024-09-10 22:00:00+02:00
238,1725999300.0,0.2058,0.2064,0.205,0.206,34721.16,2024-09-10 22:15:00+02:00
239,1726000200.0,0.206,0.2062,0.2052,0.2053,58441.07,2024-09-10 22:30:00+02:00
240,1726001100.0,0.2053,0.2058,0.2048,0.2051,49451.54,2024-09-10 22:45:00+02:00
241,1726002000.0,0.2051,0.2059,0.2039,0.2051,53381.37,2024-09-10 23:00:00+02:00
242,1726002900.0,0.2051,0.2055,0.2043,0.2051,55830.5,2024-09-10 23:15:00+02:00
243,1726003800.0,0.2051,0.2069,0.2047,0.2059,63111.56,2024-09-10 23:30:00+02:00
244,1726004700.0,0.2059,0.2062,0.2054,0.2056,44311.64,2024-09-10 23:45:00+02:00
245,1726005600.0,0.2056,0.2077,0.2053,0.2058,65045.61,2024-09-11 00:00:00+02:00
246,1726006500.0,0.2058,0.2059,0.2043,0.2045,50278.87,2024-09-11 00:15:00+02:00
247,1726007400.0,0.2045,0.2052,0.2042,0.2046,41314.37,2024-09-11 00:30:00+02:00
248,1726008300.0,0.2046,0.2056,0.2044,0.2056,20141.35,2024-09-11 00:45:00+02:00
249,1726009200.0,0.2056,0.2061,0.2052,0.2058,28073.12,2024-09-11 01:00:00+02:00
250,1726010100.0,0.2058,0.2064,0.2049,0.2061,27072.49,2024-09-11 01:15:00+02:00
251,1726011000.0,0.2061,0.2064,0.2058,0.2061,32005.9,2024-09-11 01:30:00+02:00
252,1726011900.0,0.2061,0.2064,0.2055,0.2056,34450.01,2024-09-11 01:45:00+02:00
253,1726012800.0,0.2056,0.2056,0.203,0.203,41746.23,2024-09-11 02:00:00+02:00
254,1726013700.0,0.203,0.2086,0.202,0.2075,47777.65,2024-09-11 02:15:00+02:00
255,1726014600.0,0.2075,0.2129,0.2075,0.2113,56878.65,2024-09-11 02:30:00+02:00
256,1726015500.0,0.2113,0.2131,0.2108,0.2112,51998.47,2024-09-11 02:45:00+02:00
257,1726016400.0,0.2112,0.2143,0.2093,0.2143,51964.89,2024-09-11 03:00:00+02:00
258,1726017300.0,0.2143,0.2143,0.2097,0.2117,45181.72,2024-09-11 03:15:00+02:00
259,1726018200.0,0.2117,0.2138,0.209,0.2135,58750.89,2024-09-11 03:30:00+02:00
260,1726019100.0,0.2135,0.2139,0.2104,0.2125,51080.97,2024-09-11 03:45:00+02:00
261,1726020000.0,0.2125,0.2138,0.2118,0.2123,40292.41,2024-09-11 04:00:00+02:00
262,1726020900.0,0.2123,0.2138,0.212,0.2128,55800.72,2024-09-11 04:15:00+02:00
263,1726021800.0,0.2128,0.2139,0.2108,0.2139,46232.75,2024-09-11 04:30:00+02:00
264,1726022700.0,0.2139,0.2142,0.2121,0.2127,46476.64,2024-09-11 04:45:00+02:00
265,1726023600.0,0.2127,0.2168,0.2121,0.2163,50655.85,2024-09-11 05:00:00+02:00
266,1726024500.0,0.2163,0.2174,0.2154,0.2157,37549.13,2024-09-11 05:15:00+02:00
267,1726025400.0,0.2157,0.218,0.215,0.2171,54959.37,2024-09-11 05:30:00+02:00
268,1726026300.0,0.2171,0.2187,0.217,0.2175,58896.18,2024-09-11 05:45:00+02:00
269,1726027200.0,0.2175,0.2204,0.2171,0.2175,58140.5,2024-09-11 06:00:00+02:00
270,1726028100.0,0.2175,0.2175,0.2132,0.216,64371.63,2024-09-11 06:15:00+02:00
271,1726029000.0,0.216,0.2163,0.2115,0.2126,60392.42,2024-09-11 06:30:00+02:00
272,1726029900.0,0.2126,0.2159,0.2125,0.2153,51481.22,2024-09-11 06:45:00+02:00
273,1726030800.0,0.2153,0.2158,0.2139,0.2145,64403.73,2024-09-11 07:00:00+02:00
274,1726031700.0,0.2145,0.2151,0.2124,0.2135,60956.51,2024-09-11 07:15:00+02:00
275,1726032600.0,0.2135,0.2175,0.2127,0.2162,49404.19,2024-09-11 07:30:00+02:00
276,1726033500.0,0.2162,0.2184,0.2159,0.2166,41504.93,2024-09-11 07:45:00+02:00
277,1726034400.0,0.2166,0.2204,0.2162,0.2198,40523.25,2024-09-11 08:00:00+02:00
278,1726035300.0,0.2198,0.2243,0.219,0.2222,39296.38,2024-09-11 08:15:00+02:00
279,1726036200.0,0.2222,0.2263,0.2221,0.2249,64452.58,2024-09-11 08:30:00+02:00
280,1726037100.0,0.2249,0.2264,0.2235,0.2264,56074.35,2024-09-11 08:45:00+02:00
281,1726038000.0,0.2264,0.2264,0.2227,0.2254,72558.68,2024-09-11 09:00:00+02:00
282,1726038900.0,0.2254,0.2269,0.2238,0.2247,52259.68,2024-09-11 09:15:00+02:00
283,1726039800.0,0.2247,0.2335,0.2231,0.2316,62192.52,2024-09-11 09:30:00+02:00
284,1726040700.0,0.2316,0.2321,0.2288,0.2292,52554.99,2024-09-11 09:45:00+02:00
285,1726041600.0,0.2292,0.2308,0.2282,0.2302,63090.77,2024-09-11 10:00:00+02:00
286,1726042500.0,0.2302,0.231,0.225,0.2259,54716.7,2024-09-11 10:15:00+02:00
287,1726043400.0,0.2259,0.2283,0.2242,0.2263,45193.47,2024-09-11 10:30:00+02:00
288,1726044300.0,0.2263,0.2285,0.2253,0.2276,45040.78,2024-09-11 10:45:00+02:00
289,1726045200.0,0.2276,0.2323,0.2273,0.2319,55023.24,2024-09-11 11:00:00+02:00
290,1726046100.0,0.2319,0.2325,0.2264,0.2306,75219.22,2024-09-11 11:15:00+02:00
291,1726047000.0,0.2306,0.2313,0.2291,0.2299,45359.71,2024-09-11 11:30:00+02:00
292,1726047900.0,0.2299,0.2325,0.2297,0.2315,59805.09,2024-09-11 11:45:00+02:00
293,1726048800.0,0.2315,0.2318,0.2279,0.2288,49118.35,2024-09-11 12:00:00+02:00
294,1726049700.0,0.2288,0.2304,0.2272,0.229,53220.94,2024-09-11 12:15:00+02:00
295,1726050600.0,0.229,0.2299,0.2256,0.2262,68218.93,2024-09-11 12:30:00+02:00
296,1726051500.0,0.2262,0.2275,0.225,0.2267,56302.39,2024-09-11 12:45:00+02:00
297,1726052400.0,0.2267,0.2292,0.2267,0.2286,73654.36,2024-09-11 13:00:00+02:00
298,1726053300.0,0.2286,0.23,0.2278,0.2285,61034.95,2024-09-11 13:15:00+02:00
299,1726054200.0,0.2285,0.2308,0.2282,0.2297,53379.33,2024-09-11 13:30:00+02:00
300,1726055100.0,0.2297,0.2308,0.2287,0.2299,45872.45,2024-09-11 13:45:00+02:00
301,1726056000.0,0.2299,0.2299,0.2264,0.2276,52587.68,2024-09-11 14:00:00+02:00
302,1726056900.0,0.2276,0.2287,0.2263,0.2273,46454.25,2024-09-11 14:15:00+02:00
303,1726057800.0,0.2273,0.2305,0.2257,0.229,42360.68,2024-09-11 14:30:00+02:00
304,1726058700.0,0.229,0.2312,0.2282,0.2305,35816.24,2024-09-11 14:45:00+02:00
305,1726059600.0,0.2305,0.2359,0.2302,0.2338,50805.07,2024-09-11 15:00:00+02:00
306,1726060500.0,0.2338,0.2344,0.2307,0.2318,31702.38,2024-09-11 15:15:00+02:00
307,1726061400.0,0.2318,0.2319,0.2296,0.2315,48021.47,2024-09-11 15:30:00+02:00
308,1726062300.0,0.2315,0.2316,0.2269,0.2274,77003.9,2024-09-11 15:45:00+02:00
309,1726063200.0,0.2274,0.2294,0.2272,0.2284,76149.42,2024-09-11 16:00:00+02:00
310,1726064100.0,0.2284,0.2309,0.2273,0.2307,66843.79,2024-09-11 16:15:00+02:00
311,1726065000.0,0.2307,0.2324,0.23,0.2314,60563.03,2024-09-11 16:30:00+02:00
312,1726065900.0,0.2314,0.2337,0.2309,0.2336,50375.61,2024-09-11 16:45:00+02:00
313,1726066800.0,0.2336,0.2381,0.2324,0.2369,64253.61,2024-09-11 17:00:00+02:00
314,1726067700.0,0.2369,0.2384,0.2361,0.2369,43583.77,2024-09-11 17:15:00+02:00
315,1726068600.0,0.2369,0.2406,0.2362,0.2392,57809.78,2024-09-11 17:30:00+02:00
316,1726069500.0,0.2392,0.2413,0.236,0.2375,46894.95,2024-09-11 17:45:00+02:00
317,1726070400.0,0.2375,0.2376,0.2343,0.2353,59316.29,2024-09-11 18:00:00+02:00
318,1726071300.0,0.2353,0.2393,0.2345,0.2388,53207.83,2024-09-11 18:15:00+02:00
319,1726072200.0,0.2388,0.2388,0.2356,0.2376,46807.09,2024-09-11 18:30:00+02:00
320,1726073100.0,0.2376,0.2384,0.2358,0.2374,35845.2,2024-09-11 18:45:00+02:00
321,1726074000.0,0.2374,0.2436,0.2373,0.2409,33896.46,2024-09-11 19:00:00+02:00
322,1726074900.0,0.2409,0.2422,0.2386,0.2406,39190.43,2024-09-11 19:15:00+02:00
323,1726075800.0,0.2406,0.2434,0.2396,0.2405,49032.82,2024-09-11 19:30:00+02:00
324,1726076700.0,0.2405,0.2422,0.24,0.241,75508.22,2024-09-11 19:45:00+02:00
325,1726077600.0,0.241,0.2414,0.239,0.2395,68178.39,2024-09-11 20:00:00+02:00
326,1726078500.0,0.2395,0.242,0.2394,0.2414,82878.78,2024-09-11 20:15:00+02:00
327,1726079400.0,0.2414,0.2422,0.2396,0.2397,52082.86,2024-09-11 20:30:00+02:00
328,1726080300.0,0.2397,0.2403,0.2377,0.2386,41378.52,2024-09-11 20:45:00+02:00
329,1726081200.0,0.2386,0.2395,0.2371,0.2384,44316.37,2024-09-11 21:00:00+02:00
330,1726082100.0,0.2384,0.241,0.2382,0.2407,46652.01,2024-09-11 21:15:00+02:00
331,1726083000.0,0.2407,0.2412,0.2388,0.2391,41423.07,2024-09-11 21:30:00+02:00
332,1726083900.0,0.2391,0.2399,0.2385,0.2396,49922.29,2024-09-11 21:45:00+02:00
333,1726084800.0,0.2396,0.2399,0.2382,0.2389,56512.9,2024-09-11 22:00:00+02:00
334,1726085700.0,0.2389,0.2393,0.2378,0.2381,49702.93,2024-09-11 22:15:00+02:00
335,1726086600.0,0.2381,0.2413,0.2377,0.2391,61138.05,2024-09-11 22:30:00+02:00
336,1726087500.0,0.2391,0.2394,0.2379,0.2383,57536.02,2024-09-11 22:45:00+02:00
337,1726088400.0,0.2383,0.2392,0.2371,0.2373,73633.34,2024-09-11 23:00:00+02:00
338,1726089300.0,0.2373,0.2378,0.2327,0.2337,60674.57,2024-09-11 23:15:00+02:00
339,1726090200.0,0.2337,0.2342,0.2325,0.233,46459.89,2024-09-11 23:30:00+02:00
340,1726091100.0,0.233,0.2356,0.2328,0.2348,44221.94,2024-09-11 23:45:00+02:00
341,1726092000.0,0.2348,0.2352,0.234,0.2352,40168.79,2024-09-12 00:00:00+02:00
342,1726092900.0,0.2352,0.236,0.2344,0.2345,40882.55,2024-09-12 00:15:00+02:00
343,1726093800.0,0.2345,0.2349,0.2336,0.2341,32473.46,2024-09-12 00:30:00+02:00
344,1726094700.0,0.2341,0.2376,0.2338,0.2371,29227.14,2024-09-12 00:45:00+02:00
345,1726095600.0,0.2371,0.239,0.2365,0.2383,28384.85,2024-09-12 01:00:00+02:00
346,1726096500.0,0.2383,0.2392,0.2364,0.2366,30528.86,2024-09-12 01:15:00+02:00
347,1726097400.0,0.2366,0.2376,0.2361,0.2373,46622.08,2024-09-12 01:30:00+02:00
348,1726098300.0,0.2373,0.2375,0.2352,0.2355,48974.75,2024-09-12 01:45:00+02:00
349,1726099200.0,0.2355,0.2443,0.2351,0.2433,62822.5,2024-09-12 02:00:00+02:00
350,1726100100.0,0.2433,0.2461,0.2413,0.2461,62131.73,2024-09-12 02:15:00+02:00
351,1726101000.0,0.2461,0.25,0.2449,0.2485,64809.52,2024-09-12 02:30:00+02:00
352,1726101900.0,0.2485,0.2497,0.245,0.248,51229.54,2024-09-12 02:45:00+02:00
353,1726102800.0,0.248,0.2506,0.2476,0.25,49717.86,2024-09-12 03:00:00+02:00
354,1726103700.0,0.25,0.25,0.2436,0.2463,56312.19,2024-09-12 03:15:00+02:00
355,1726104600.0,0.2463,0.2482,0.2453,0.2482,66395.06,2024-09-12 03:30:00+02:00
356,1726105500.0,0.2482,0.2524,0.2475,0.2521,89742.01,2024-09-12 03:45:00+02:00
357,1726106400.0,0.2521,0.2566,0.2491,0.2508,90620.98,2024-09-12 04:00:00+02:00
358,1726107300.0,0.2508,0.2547,0.2506,0.2535,80651.79,2024-09-12 04:15:00+02:00
359,1726108200.0,0.2535,0.2672,0.2532,0.2603,82115.24,2024-09-12 04:30:00+02:00
360,1726109100.0,0.2603,0.2762,0.2582,0.2744,104146.73,2024-09-12 04:45:00+02:00
361,1726110000.0,0.2744,0.2855,0.2722,0.285,56518.48,2024-09-12 05:00:00+02:00
362,1726110900.0,0.285,0.299,0.2844,0.2953,81754.09,2024-09-12 05:15:00+02:00
363,1726111800.0,0.2953,0.3085,0.2948,0.2997,183104.4,2024-09-12 05:30:00+02:00
364,1726112700.0,0.2997,0.3012,0.2928,0.2944,104498.76,2024-09-12 05:45:00+02:00
365,1726113600.0,0.2944,0.295,0.2766,0.2824,110509.61,2024-09-12 06:00:00+02:00
366,1726114500.0,0.2824,0.2897,0.2802,0.2868,51222.01,2024-09-12 06:15:00+02:00
367,1726115400.0,0.2868,0.2977,0.2858,0.2954,137118.32,2024-09-12 06:30:00+02:00
368,1726116300.0,0.2954,0.2972,0.2926,0.2965,76411.22,2024-09-12 06:45:00+02:00
369,1726117200.0,0.2965,0.2973,0.2869,0.2869,79002.12,2024-09-12 07:00:00+02:00
370,1726118100.0,0.2869,0.291,0.2865,0.2888,74622.13,2024-09-12 07:15:00+02:00
371,1726119000.0,0.2888,0.2937,0.2865,0.2932,81734.26,2024-09-12 07:30:00+02:00
372,1726119900.0,0.2932,0.2939,0.2878,0.2895,66842.77,2024-09-12 07:45:00+02:00
373,1726120800.0,0.2895,0.2916,0.2886,0.2911,63592.97,2024-09-12 08:00:00+02:00
374,1726121700.0,0.2911,0.2918,0.2849,0.2853,66674.84,2024-09-12 08:15:00+02:00
375,1726122600.0,0.2853,0.2929,0.2853,0.2912,83282.82,2024-09-12 08:30:00+02:00
376,1726123500.0,0.2912,0.2955,0.2895,0.29,90998.46,2024-09-12 08:45:00+02:00
377,1726124400.0,0.29,0.2938,0.2898,0.2933,42171.85,2024-09-12 09:00:00+02:00
378,1726125300.0,0.2933,0.2987,0.293,0.2975,66074.13,2024-09-12 09:15:00+02:00
379,1726126200.0,0.2975,0.299,0.2943,0.2959,57343.13,2024-09-12 09:30:00+02:00
380,1726127100.0,0.2959,0.3003,0.2925,0.2964,105463.36,2024-09-12 09:45:00+02:00
381,1726128000.0,0.2964,0.2964,0.2891,0.2916,100264.17,2024-09-12 10:00:00+02:00
382,1726128900.0,0.2916,0.2942,0.2911,0.293,97124.75,2024-09-12 10:15:00+02:00
383,1726129800.0,0.293,0.2971,0.293,0.2944,60466.02,2024-09-12 10:30:00+02:00
384,1726130700.0,0.2944,0.2969,0.293,0.2931,66941.6,2024-09-12 10:45:00+02:00
385,1726131600.0,0.2931,0.2948,0.292,0.2942,58403.27,2024-09-12 11:00:00+02:00
386,1726132500.0,0.2942,0.2957,0.2929,0.294,57118.01,2024-09-12 11:15:00+02:00
387,1726133400.0,0.294,0.295,0.2912,0.2937,57068.47,2024-09-12 11:30:00+02:00
388,1726134300.0,0.2937,0.2942,0.2904,0.2922,36268.11,2024-09-12 11:45:00+02:00
389,1726135200.0,0.2922,0.2933,0.2844,0.2882,97751.14,2024-09-12 12:00:00+02:00
390,1726136100.0,0.2882,0.2884,0.2824,0.2868,43634.16,2024-09-12 12:15:00+02:00
391,1726137000.0,0.2868,0.2908,0.2852,0.2895,55130.77,2024-09-12 12:30:00+02:00
392,1726137900.0,0.2895,0.2909,0.288,0.2896,47588.6,2024-09-12 12:45:00+02:00
393,1726138800.0,0.2896,0.2922,0.2876,0.2922,56147.57,2024-09-12 13:00:00+02:00
394,1726139700.0,0.2922,0.2946,0.2909,0.2942,55265.09,2024-09-12 13:15:00+02:00
395,1726140600.0,0.2942,0.3,0.2931,0.2958,58237.5,2024-09-12 13:30:00+02:00
396,1726141500.0,0.2958,0.3088,0.2953,0.3083,73108.07,2024-09-12 13:45:00+02:00
397,1726142400.0,0.3083,0.3091,0.3011,0.3053,67713.77,2024-09-12 14:00:00+02:00
398,1726143300.0,0.3053,0.3081,0.2982,0.3012,59908.74,2024-09-12 14:15:00+02:00
399,1726144200.0,0.3012,0.3012,0.296,0.2965,56222.92,2024-09-12 14:30:00+02:00
400,1726145100.0,0.2965,0.3,0.281,0.2834,76243.57,2024-09-12 14:45:00+02:00
401,1726146000.0,0.2834,0.2873,0.2761,0.2862,60929.86,2024-09-12 15:00:00+02:00
402,1726146900.0,0.2862,0.2876,0.2813,0.283,48019.75,2024-09-12 15:15:00+02:00
403,1726147800.0,0.283,0.2856,0.2805,0.2854,63809.04,2024-09-12 15:30:00+02:00
404,1726148700.0,0.2854,0.2884,0.2835,0.286,79866.73,2024-09-12 15:45:00+02:00
405,1726149600.0,0.286,0.2866,0.2814,0.2859,68318.35,2024-09-12 16:00:00+02:00
406,1726150500.0,0.2859,0.2869,0.2825,0.2831,63147.2,2024-09-12 16:15:00+02:00
407,1726151400.0,0.2831,0.2842,0.278,0.2831,64508.54,2024-09-12 16:30:00+02:00
408,1726152300.0,0.2831,0.2831,0.2753,0.2769,50192.63,2024-09-12 16:45:00+02:00
409,1726153200.0,0.2769,0.2776,0.2727,0.2747,55913.93,2024-09-12 17:00:00+02:00
410,1726154100.0,0.2747,0.2779,0.2745,0.2753,51815.78,2024-09-12 17:15:00+02:00
411,1726155000.0,0.2753,0.28,0.2753,0.277,90617.8,2024-09-12 17:30:00+02:00
412,1726155900.0,0.277,0.2794,0.2762,0.2774,38148.09,2024-09-12 17:45:00+02:00
413,1726156800.0,0.2774,0.2774,0.2679,0.2691,49779.05,2024-09-12 18:00:00+02:00
414,1726157700.0,0.2691,0.2696,0.2666,0.2685,33885.87,2024-09-12 18:15:00+02:00
415,1726158600.0,0.2685,0.2705,0.2645,0.2667,43435.89,2024-09-12 18:30:00+02:00
416,1726159500.0,0.2667,0.2686,0.266,0.266,59285.36,2024-09-12 18:45:00+02:00
417,1726160400.0,0.266,0.2686,0.2656,0.2678,54132.43,2024-09-12 19:00:00+02:00
418,1726161300.0,0.2678,0.2693,0.267,0.2682,49065.08,2024-09-12 19:15:00+02:00
419,1726162200.0,0.2682,0.2707,0.2667,0.2705,44154.09,2024-09-12 19:30:00+02:00
420,1726163100.0,0.2705,0.2718,0.2699,0.2707,30233.0,2024-09-12 19:45:00+02:00
421,1726164000.0,0.2707,0.2747,0.2693,0.2729,32353.42,2024-09-12 20:00:00+02:00
422,1726164900.0,0.2729,0.2739,0.2723,0.2728,29364.83,2024-09-12 20:15:00+02:00
423,1726165800.0,0.2728,0.276,0.2725,0.2743,32173.83,2024-09-12 20:30:00+02:00
424,1726166700.0,0.2743,0.2789,0.2743,0.277,35737.04,2024-09-12 20:45:00+02:00
425,1726167600.0,0.277,0.2801,0.2759,0.2781,29770.52,2024-09-12 21:00:00+02:00
426,1726168500.0,0.2781,0.2798,0.2779,0.2783,22194.69,2024-09-12 21:15:00+02:00
427,1726169400.0,0.2783,0.2786,0.2747,0.2757,32327.53,2024-09-12 21:30:00+02:00
428,1726170300.0,0.2757,0.2786,0.2746,0.2784,48397.3,2024-09-12 21:45:00+02:00
429,1726171200.0,0.2784,0.2798,0.2757,0.276,47108.43,2024-09-12 22:00:00+02:00
430,1726172100.0,0.276,0.2778,0.2758,0.2765,34894.24,2024-09-12 22:15:00+02:00
431,1726173000.0,0.2765,0.2797,0.2756,0.2777,42991.16,2024-09-12 22:30:00+02:00
432,1726173900.0,0.2777,0.278,0.2756,0.2767,39947.61,2024-09-12 22:45:00+02:00
433,1726174800.0,0.2767,0.2798,0.2759,0.2788,54707.15,2024-09-12 23:00:00+02:00
434,1726175700.0,0.2788,0.2798,0.2775,0.2795,36960.94,2024-09-12 23:15:00+02:00
435,1726176600.0,0.2795,0.2834,0.279,0.2821,41516.01,2024-09-12 23:30:00+02:00
436,1726177500.0,0.2821,0.2856,0.2812,0.2827,48586.55,2024-09-12 23:45:00+02:00
437,1726178400.0,0.2827,0.2833,0.2805,0.2818,47258.19,2024-09-13 00:00:00+02:00
438,1726179300.0,0.2818,0.2834,0.281,0.2824,37117.3,2024-09-13 00:15:00+02:00
439,1726180200.0,0.2824,0.2839,0.2813,0.2827,41542.12,2024-09-13 00:30:00+02:00
440,1726181100.0,0.2827,0.2833,0.2817,0.2817,25061.68,2024-09-13 00:45:00+02:00
441,1726182000.0,0.2817,0.2821,0.2776,0.2792,27344.62,2024-09-13 01:00:00+02:00
442,1726182900.0,0.2792,0.284,0.2789,0.284,25629.74,2024-09-13 01:15:00+02:00
443,1726183800.0,0.284,0.2849,0.282,0.2821,27206.67,2024-09-13 01:30:00+02:00
444,1726184700.0,0.2821,0.2846,0.281,0.281,34039.26,2024-09-13 01:45:00+02:00
445,1726185600.0,0.281,0.2874,0.28,0.2852,46850.91,2024-09-13 02:00:00+02:00
446,1726186500.0,0.2852,0.2854,0.2707,0.274,82342.54,2024-09-13 02:15:00+02:00
447,1726187400.0,0.274,0.2799,0.274,0.2779,53463.9,2024-09-13 02:30:00+02:00
448,1726188300.0,0.2779,0.2824,0.2779,0.2796,107171.72,2024-09-13 02:45:00+02:00
449,1726189200.0,0.2796,0.2939,0.2795,0.2924,89698.03,2024-09-13 03:00:00+02:00
450,1726190100.0,0.2924,0.3012,0.2901,0.3003,42948.78,2024-09-13 03:15:00+02:00
451,1726191000.0,0.3003,0.3003,0.2945,0.2953,44772.23,2024-09-13 03:30:00+02:00
452,1726191900.0,0.2953,0.2965,0.2925,0.2946,30173.82,2024-09-13 03:45:00+02:00
453,1726192800.0,0.2946,0.2951,0.2852,0.2875,34302.22,2024-09-13 04:00:00+02:00
454,1726193700.0,0.2875,0.2904,0.2867,0.2902,44645.05,2024-09-13 04:15:00+02:00
455,1726194600.0,0.2902,0.2993,0.29,0.2976,97655.82,2024-09-13 04:30:00+02:00
456,1726195500.0,0.2976,0.2976,0.2935,0.2956,101263.79,2024-09-13 04:45:00+02:00
457,1726196400.0,0.2956,0.2963,0.2909,0.2939,108231.53,2024-09-13 05:00:00+02:00
458,1726197300.0,0.2939,0.2943,0.2909,0.2918,95901.35,2024-09-13 05:15:00+02:00
459,1726198200.0,0.2918,0.2918,0.2887,0.291,112517.72,2024-09-13 05:30:00+02:00
460,1726199100.0,0.291,0.2914,0.2895,0.2908,102633.68,2024-09-13 05:45:00+02:00
461,1726200000.0,0.2908,0.2939,0.2903,0.2923,123018.14,2024-09-13 06:00:00+02:00
462,1726200900.0,0.2923,0.293,0.2886,0.29,123869.84,2024-09-13 06:15:00+02:00
463,1726201800.0,0.29,0.29,0.2847,0.2853,117101.02,2024-09-13 06:30:00+02:00
464,1726202700.0,0.2853,0.2879,0.2794,0.2799,115721.65,2024-09-13 06:45:00+02:00
465,1726203600.0,0.2799,0.2841,0.2784,0.2836,117212.11,2024-09-13 07:00:00+02:00
466,1726204500.0,0.2836,0.2871,0.2836,0.2867,116145.19,2024-09-13 07:15:00+02:00
467,1726205400.0,0.2867,0.2871,0.2844,0.2846,89001.32,2024-09-13 07:30:00+02:00
468,1726206300.0,0.2846,0.2871,0.2846,0.2861,97550.88,2024-09-13 07:45:00+02:00
469,1726207200.0,0.2861,0.2888,0.2852,0.2867,105659.15,2024-09-13 08:00:00+02:00
470,1726208100.0,0.2867,0.2883,0.28,0.2811,115470.27,2024-09-13 08:15:00+02:00
471,1726209000.0,0.2811,0.2839,0.2799,0.2816,176356.15,2024-09-13 08:30:00+02:00
472,1726209900.0,0.2816,0.2819,0.2789,0.281,184199.04,2024-09-13 08:45:00+02:00
473,1726210800.0,0.281,0.2832,0.2801,0.2803,159404.68,2024-09-13 09:00:00+02:00
474,1726211700.0,0.2803,0.282,0.2803,0.2815,151594.64,2024-09-13 09:15:00+02:00
475,1726212600.0,0.2815,0.2817,0.2795,0.2813,98078.88,2024-09-13 09:30:00+02:00
476,1726213500.0,0.2813,0.2827,0.2779,0.2827,111404.21,2024-09-13 09:45:00+02:00
477,1726214400.0,0.2827,0.2827,0.2806,0.2819,136790.82,2024-09-13 10:00:00+02:00
478,1726215300.0,0.2819,0.2881,0.2815,0.2854,115700.43,2024-09-13 10:15:00+02:00
479,1726216200.0,0.2854,0.2873,0.2849,0.287,171745.73,2024-09-13 10:30:00+02:00
480,1726217100.0,0.287,0.2904,0.2869,0.2894,132241.45,2024-09-13 10:45:00+02:00
481,1726218000.0,0.2894,0.2894,0.2788,0.2804,175146.86,2024-09-13 11:00:00+02:00
482,1726218900.0,0.2804,0.2819,0.28,0.2816,145721.06,2024-09-13 11:15:00+02:00
483,1726219800.0,0.2816,0.2838,0.281,0.281,110611.82,2024-09-13 11:30:00+02:00
484,1726220700.0,0.281,0.2813,0.276,0.2782,107175.77,2024-09-13 11:45:00+02:00
485,1726221600.0,0.2782,0.2782,0.2733,0.2766,135359.53,2024-09-13 12:00:00+02:00
486,1726222500.0,0.2766,0.2769,0.2739,0.2759,122552.56,2024-09-13 12:15:00+02:00
487,1726223400.0,0.2759,0.2762,0.2723,0.2732,141659.05,2024-09-13 12:30:00+02:00
488,1726224300.0,0.2732,0.2744,0.2707,0.274,133617.01,2024-09-13 12:45:00+02:00
489,1726225200.0,0.274,0.2742,0.2661,0.2678,217464.09,2024-09-13 13:00:00+02:00
490,1726226100.0,0.2678,0.2691,0.2633,0.265,164247.42,2024-09-13 13:15:00+02:00
491,1726227000.0,0.265,0.2653,0.2617,0.2631,112480.81,2024-09-13 13:30:00+02:00
492,1726227900.0,0.2631,0.2659,0.2625,0.2633,123973.95,2024-09-13 13:45:00+02:00
493,1726228800.0,0.2633,0.2661,0.2628,0.265,148280.8,2024-09-13 14:00:00+02:00
494,1726229700.0,0.265,0.2659,0.2621,0.2621,138636.2,2024-09-13 14:15:00+02:00
495,1726230600.0,0.2621,0.2632,0.261,0.2623,154571.49,2024-09-13 14:30:00+02:00
496,1726231500.0,0.2623,0.2636,0.2617,0.2629,155936.7,2024-09-13 14:45:00+02:00
497,1726232400.0,0.2629,0.264,0.2566,0.2585,182636.37,2024-09-13 15:00:00+02:00
498,1726233300.0,0.2585,0.2586,0.2545,0.2565,172261.79,2024-09-13 15:15:00+02:00
499,1726234200.0,0.2565,0.2614,0.2556,0.2603,208982.67,2024-09-13 15:30:00+02:00
500,1726235100.0,0.2603,0.2619,0.2587,0.2599,173587.36,2024-09-13 15:45:00+02:00
501,1726236000.0,0.2599,0.2618,0.2582,0.2607,139828.86,2024-09-13 16:00:00+02:00
502,1726236900.0,0.2607,0.2618,0.259,0.2607,140778.64,2024-09-13 16:15:00+02:00
503,1726237800.0,0.2607,0.2607,0.2575,0.2581,151969.14,2024-09-13 16:30:00+02:00
504,1726238700.0,0.2581,0.2586,0.2557,0.257,171782.42,2024-09-13 16:45:00+02:00
505,1726239600.0,0.257,0.2593,0.2562,0.2591,177765.69,2024-09-13 17:00:00+02:00
506,1726240500.0,0.2591,0.2602,0.2582,0.2592,157615.45,2024-09-13 17:15:00+02:00
507,1726241400.0,0.2592,0.2622,0.2578,0.2579,164561.38,2024-09-13 17:30:00+02:00
508,1726242300.0,0.2579,0.2614,0.2579,0.2599,151002.97,2024-09-13 17:45:00+02:00
509,1726243200.0,0.2599,0.2642,0.258,0.2607,166929.83,2024-09-13 18:00:00+02:00
510,1726244100.0,0.2607,0.2635,0.2605,0.2625,178095.27,2024-09-13 18:15:00+02:00
511,1726245000.0,0.2625,0.2629,0.2602,0.2619,119486.53,2024-09-13 18:30:00+02:00
512,1726245900.0,0.2619,0.2672,0.2618,0.2661,127374.3,2024-09-13 18:45:00+02:00
513,1726246800.0,0.2661,0.2675,0.2659,0.2671,107191.1,2024-09-13 19:00:00+02:00
514,1726247700.0,0.2671,0.2736,0.2664,0.2723,111802.05,2024-09-13 19:15:00+02:00
515,1726248600.0,0.2723,0.273,0.269,0.2722,68837.81,2024-09-13 19:30:00+02:00
516,1726249500.0,0.2722,0.2733,0.2699,0.2717,89114.95,2024-09-13 19:45:00+02:00
517,1726250400.0,0.2717,0.273,0.269,0.2703,95225.18,2024-09-13 20:00:00+02:00
518,1726251300.0,0.2703,0.2708,0.2692,0.2705,92112.28,2024-09-13 20:15:00+02:00
519,1726252200.0,0.2705,0.2743,0.2699,0.2722,101980.43,2024-09-13 20:30:00+02:00
520,1726253100.0,0.2722,0.2725,0.2706,0.2711,94660.43,2024-09-13 20:45:00+02:00
521,1726254000.0,0.2711,0.2738,0.2711,0.2732,81749.14,2024-09-13 21:00:00+02:00
522,1726254900.0,0.2732,0.2752,0.2729,0.2744,124810.06,2024-09-13 21:15:00+02:00
523,1726255800.0,0.2744,0.2756,0.2731,0.2734,220455.77,2024-09-13 21:30:00+02:00
524,1726256700.0,0.2734,0.2744,0.2713,0.2724,183021.43,2024-09-13 21:45:00+02:00
525,1726257600.0,0.2724,0.2754,0.271,0.2724,172418.3,2024-09-13 22:00:00+02:00
526,1726258500.0,0.2724,0.2735,0.2703,0.273,181481.19,2024-09-13 22:15:00+02:00
527,1726259400.0,0.273,0.2734,0.2713,0.2717,170857.68,2024-09-13 22:30:00+02:00
528,1726260300.0,0.2717,0.2727,0.2709,0.2724,171651.55,2024-09-13 22:45:00+02:00
529,1726261200.0,0.2724,0.2729,0.2701,0.2708,166121.87,2024-09-13 23:00:00+02:00
530,1726262100.0,0.2708,0.2713,0.269,0.269,119536.26,2024-09-13 23:15:00+02:00
531,1726263000.0,0.269,0.2714,0.269,0.2702,88968.31,2024-09-13 23:30:00+02:00
532,1726263900.0,0.2702,0.2703,0.2671,0.2681,87716.17,2024-09-13 23:45:00+02:00
533,1726264800.0,0.2681,0.269,0.2679,0.2686,96183.06,2024-09-14 00:00:00+02:00
534,1726265700.0,0.2686,0.2707,0.2686,0.2695,100691.46,2024-09-14 00:15:00+02:00
535,1726266600.0,0.2695,0.2714,0.2689,0.2714,83373.51,2024-09-14 00:30:00+02:00
536,1726267500.0,0.2714,0.2715,0.2687,0.2696,85854.35,2024-09-14 00:45:00+02:00
537,1726268400.0,0.2696,0.2715,0.2691,0.2714,77306.49,2024-09-14 01:00:00+02:00
538,1726269300.0,0.2714,0.2745,0.2707,0.2738,106690.3,2024-09-14 01:15:00+02:00
539,1726270200.0,0.2738,0.2804,0.2738,0.2766,190375.12,2024-09-14 01:30:00+02:00
540,1726271100.0,0.2766,0.2783,0.2747,0.2754,213499.22,2024-09-14 01:45:00+02:00
541,1726272000.0,0.2754,0.2883,0.2754,0.283,221586.72,2024-09-14 02:00:00+02:00
542,1726272900.0,0.283,0.2962,0.2826,0.2934,216780.17,2024-09-14 02:15:00+02:00
543,1726273800.0,0.2934,0.2934,0.2844,0.2846,119727.81,2024-09-14 02:30:00+02:00
544,1726274700.0,0.2846,0.2871,0.2796,0.281,119591.48,2024-09-14 02:45:00+02:00
545,1726275600.0,0.281,0.2873,0.2799,0.2873,90678.2,2024-09-14 03:00:00+02:00
546,1726276500.0,0.2873,0.288,0.2848,0.2859,92720.92,2024-09-14 03:15:00+02:00
547,1726277400.0,0.2859,0.2923,0.2855,0.2908,144372.28,2024-09-14 03:30:00+02:00
548,1726278300.0,0.2908,0.2952,0.289,0.2948,126209.1,2024-09-14 03:45:00+02:00
549,1726279200.0,0.2948,0.3046,0.2941,0.3036,145668.75,2024-09-14 04:00:00+02:00
550,1726280100.0,0.3036,0.3062,0.2998,0.3039,164854.46,2024-09-14 04:15:00+02:00
551,1726281000.0,0.3039,0.3182,0.3016,0.3147,203113.92,2024-09-14 04:30:00+02:00
552,1726281900.0,0.3147,0.3165,0.3105,0.3111,188580.11,2024-09-14 04:45:00+02:00
553,1726282800.0,0.3111,0.3233,0.3107,0.3202,208389.07,2024-09-14 05:00:00+02:00
554,1726283700.0,0.3202,0.3333,0.3172,0.3311,230016.27,2024-09-14 05:15:00+02:00
555,1726284600.0,0.3311,0.3328,0.3239,0.3286,320506.65,2024-09-14 05:30:00+02:00
556,1726285500.0,0.3286,0.3387,0.3264,0.3314,235712.73,2024-09-14 05:45:00+02:00
557,1726286400.0,0.3314,0.3322,0.326,0.3272,263505.05,2024-09-14 06:00:00+02:00
558,1726287300.0,0.3272,0.3299,0.322,0.3229,281251.89,2024-09-14 06:15:00+02:00
559,1726288200.0,0.3229,0.3253,0.3208,0.3249,257897.94,2024-09-14 06:30:00+02:00
560,1726289100.0,0.3249,0.3252,0.317,0.317,253776.76,2024-09-14 06:45:00+02:00
561,1726290000.0,0.317,0.3215,0.3136,0.321,240571.66,2024-09-14 07:00:00+02:00
562,1726290900.0,0.321,0.3259,0.3209,0.3228,262563.72,2024-09-14 07:15:00+02:00
563,1726291800.0,0.3228,0.3264,0.3211,0.3255,191663.59,2024-09-14 07:30:00+02:00
564,1726292700.0,0.3255,0.3273,0.3241,0.3252,163665.97,2024-09-14 07:45:00+02:00
565,1726293600.0,0.3252,0.3262,0.3224,0.3233,173793.24,2024-09-14 08:00:00+02:00
566,1726294500.0,0.3233,0.3267,0.3219,0.3241,186478.73,2024-09-14 08:15:00+02:00
567,1726295400.0,0.3241,0.3252,0.3178,0.318,177744.19,2024-09-14 08:30:00+02:00
568,1726296300.0,0.318,0.3245,0.316,0.322,165769.75,2024-09-14 08:45:00+02:00
569,1726297200.0,0.322,0.3236,0.3202,0.3213,150541.94,2024-09-14 09:00:00+02:00
570,1726298100.0,0.3213,0.3213,0.3183,0.3192,145790.61,2024-09-14 09:15:00+02:00
571,1726299000.0,0.3192,0.3217,0.3183,0.3183,191156.2,2024-09-14 09:30:00+02:00
572,1726299900.0,0.3183,0.3249,0.318,0.323,234414.88,2024-09-14 09:45:00+02:00
573,1726300800.0,0.323,0.3266,0.3219,0.3235,229947.2,2024-09-14 10:00:00+02:00
574,1726301700.0,0.3235,0.3252,0.3222,0.3226,171029.01,2024-09-14 10:15:00+02:00
575,1726302600.0,0.3226,0.3258,0.321,0.3252,137363.3,2024-09-14 10:30:00+02:00
576,1726303500.0,0.3252,0.3341,0.3249,0.3311,156526.31,2024-09-14 10:45:00+02:00
577,1726304400.0,0.3311,0.338,0.3306,0.3348,116342.38,2024-09-14 11:00:00+02:00
578,1726305300.0,0.3348,0.3352,0.3295,0.33,123715.34,2024-09-14 11:15:00+02:00
579,1726306200.0,0.33,0.33,0.3252,0.3266,114791.69,2024-09-14 11:30:00+02:00
580,1726307100.0,0.3266,0.3289,0.3191,0.3217,154522.69,2024-09-14 11:45:00+02:00
581,1726308000.0,0.3217,0.3257,0.3183,0.3241,140569.11,2024-09-14 12:00:00+02:00
582,1726308900.0,0.3241,0.3259,0.3222,0.3224,156713.71,2024-09-14 12:15:00+02:00
583,1726309800.0,0.3224,0.3235,0.3206,0.3221,231245.41,2024-09-14 12:30:00+02:00
584,1726310700.0,0.3221,0.3266,0.3194,0.3261,215038.71,2024-09-14 12:45:00+02:00
585,1726311600.0,0.3261,0.3284,0.3232,0.325,179044.68,2024-09-14 13:00:00+02:00
586,1726312500.0,0.325,0.3258,0.3193,0.322,241780.14,2024-09-14 13:15:00+02:00
587,1726313400.0,0.322,0.3226,0.3166,0.3186,242127.37,2024-09-14 13:30:00+02:00
588,1726314300.0,0.3186,0.3219,0.3169,0.3214,239706.04,2024-09-14 13:45:00+02:00
589,1726315200.0,0.3214,0.3248,0.3206,0.3229,211490.53,2024-09-14 14:00:00+02:00
590,1726316100.0,0.3229,0.3253,0.3217,0.3219,167105.85,2024-09-14 14:15:00+02:00
591,1726317000.0,0.3219,0.324,0.3207,0.3233,116981.51,2024-09-14 14:30:00+02:00
592,1726317900.0,0.3233,0.3244,0.3207,0.3216,93996.43,2024-09-14 14:45:00+02:00
593,1726318800.0,0.3216,0.3225,0.3195,0.3225,112039.01,2024-09-14 15:00:00+02:00
594,1726319700.0,0.3225,0.3225,0.3191,0.3196,125483.65,2024-09-14 15:15:00+02:00
595,1726320600.0,0.3196,0.3223,0.3182,0.3219,233615.16,2024-09-14 15:30:00+02:00
596,1726321500.0,0.3219,0.3225,0.3204,0.3222,180994.48,2024-09-14 15:45:00+02:00
597,1726322400.0,0.3222,0.3293,0.3211,0.3264,239036.89,2024-09-14 16:00:00+02:00
598,1726323300.0,0.3264,0.3279,0.3248,0.326,221774.35,2024-09-14 16:15:00+02:00
599,1726324200.0,0.326,0.326,0.3227,0.3246,165178.65,2024-09-14 16:30:00+02:00
600,1726325100.0,0.3246,0.3252,0.3226,0.3243,189669.51,2024-09-14 16:45:00+02:00
601,1726326000.0,0.3243,0.3249,0.3213,0.323,220783.15,2024-09-14 17:00:00+02:00
602,1726326900.0,0.323,0.3274,0.323,0.3265,207525.08,2024-09-14 17:15:00+02:00
603,1726327800.0,0.3265,0.3272,0.3238,0.3242,129849.77,2024-09-14 17:30:00+02:00
604,1726328700.0,0.3242,0.3259,0.3228,0.325,128781.74,2024-09-14 17:45:00+02:00
605,1726329600.0,0.325,0.3277,0.3221,0.3263,113440.14,2024-09-14 18:00:00+02:00
606,1726330500.0,0.3263,0.3263,0.3116,0.3127,129185.14,2024-09-14 18:15:00+02:00
607,1726331400.0,0.3127,0.3168,0.3123,0.316,125497.07,2024-09-14 18:30:00+02:00
608,1726332300.0,0.316,0.3189,0.3151,0.3171,133852.05,2024-09-14 18:45:00+02:00
609,1726333200.0,0.3171,0.3187,0.3142,0.316,156592.02,2024-09-14 19:00:00+02:00
610,1726334100.0,0.316,0.3197,0.3142,0.3181,127687.66,2024-09-14 19:15:00+02:00
611,1726335000.0,0.3181,0.3239,0.318,0.3217,109605.35,2024-09-14 19:30:00+02:00
612,1726335900.0,0.3217,0.323,0.32,0.3217,131545.63,2024-09-14 19:45:00+02:00
613,1726336800.0,0.3217,0.3223,0.3183,0.3212,136153.78,2024-09-14 20:00:00+02:00
614,1726337700.0,0.3212,0.3273,0.3212,0.324,121423.9,2024-09-14 20:15:00+02:00
615,1726338600.0,0.324,0.3253,0.322,0.3229,188250.0,2024-09-14 20:30:00+02:00
616,1726339500.0,0.3229,0.3233,0.3221,0.3226,212572.8,2024-09-14 20:45:00+02:00
617,1726340400.0,0.3226,0.3227,0.3206,0.3218,191281.02,2024-09-14 21:00:00+02:00
618,1726341300.0,0.3218,0.3228,0.3207,0.3224,180311.89,2024-09-14 21:15:00+02:00
619,1726342200.0,0.3224,0.3224,0.3196,0.3217,242903.69,2024-09-14 21:30:00+02:00
620,1726343100.0,0.3217,0.3228,0.3201,0.3225,228641.83,2024-09-14 21:45:00+02:00
621,1726344000.0,0.3225,0.3233,0.321,0.3232,229839.38,2024-09-14 22:00:00+02:00
622,1726344900.0,0.3232,0.3267,0.3225,0.3247,238690.53,2024-09-14 22:15:00+02:00
623,1726345800.0,0.3247,0.327,0.324,0.3258,171832.64,2024-09-14 22:30:00+02:00
624,1726346700.0,0.3258,0.3282,0.3256,0.3275,157230.13,2024-09-14 22:45:00+02:00
625,1726347600.0,0.3275,0.3278,0.326,0.3265,158647.64,2024-09-14 23:00:00+02:00
626,1726348500.0,0.3265,0.3335,0.3258,0.3322,175186.87,2024-09-14 23:15:00+02:00
627,1726349400.0,0.3322,0.3323,0.3281,0.3287,238839.09,2024-09-14 23:30:00+02:00
628,1726350300.0,0.3287,0.3292,0.3268,0.3277,223661.18,2024-09-14 23:45:00+02:00
629,1726351200.0,0.3277,0.3315,0.3275,0.3293,199024.45,2024-09-15 00:00:00+02:00
630,1726352100.0,0.3293,0.3364,0.3289,0.3345,160194.57,2024-09-15 00:15:00+02:00
631,1726353000.0,0.3345,0.338,0.3315,0.3325,130798.97,2024-09-15 00:30:00+02:00
632,1726353900.0,0.3325,0.3342,0.3308,0.3326,121403.44,2024-09-15 00:45:00+02:00
633,1726354800.0,0.3326,0.3326,0.3304,0.3314,151670.36,2024-09-15 01:00:00+02:00
634,1726355700.0,0.3314,0.3324,0.33,0.3324,133762.1,2024-09-15 01:15:00+02:00
635,1726356600.0,0.3324,0.3361,0.3315,0.3354,104354.25,2024-09-15 01:30:00+02:00
636,1726357500.0,0.3354,0.3562,0.3345,0.3498,237756.85,2024-09-15 01:45:00+02:00
637,1726358400.0,0.3498,0.3598,0.3461,0.3518,238055.31,2024-09-15 02:00:00+02:00
638,1726359300.0,0.3518,0.365,0.3477,0.3617,154784.98,2024-09-15 02:15:00+02:00
639,1726360200.0,0.3617,0.3675,0.3599,0.361,208945.15,2024-09-15 02:30:00+02:00
640,1726361100.0,0.361,0.3664,0.3576,0.3589,190286.68,2024-09-15 02:45:00+02:00
641,1726362000.0,0.3589,0.3643,0.3562,0.3631,170729.91,2024-09-15 03:00:00+02:00
642,1726362900.0,0.3631,0.3631,0.3468,0.3509,238617.8,2024-09-15 03:15:00+02:00
643,1726363800.0,0.3509,0.3546,0.3509,0.3541,261045.06,2024-09-15 03:30:00+02:00
644,1726364700.0,0.3541,0.3586,0.3535,0.355,194895.61,2024-09-15 03:45:00+02:00
645,1726365600.0,0.355,0.3567,0.3504,0.352,223797.56,2024-09-15 04:00:00+02:00
646,1726366500.0,0.352,0.3626,0.3514,0.3598,217393.06,2024-09-15 04:15:00+02:00
647,1726367400.0,0.3598,0.3609,0.3571,0.3581,111474.64,2024-09-15 04:30:00+02:00
648,1726368300.0,0.3581,0.3592,0.3545,0.3561,119296.05,2024-09-15 04:45:00+02:00
649,1726369200.0,0.3561,0.3592,0.3547,0.3572,109619.31,2024-09-15 05:00:00+02:00
650,1726370100.0,0.3572,0.366,0.3563,0.3629,124935.3,2024-09-15 05:15:00+02:00
651,1726371000.0,0.3629,0.3643,0.3603,0.3621,178823.76,2024-09-15 05:30:00+02:00
652,1726371900.0,0.3621,0.3739,0.3612,0.3711,196504.38,2024-09-15 05:45:00+02:00
653,1726372800.0,0.3711,0.3774,0.3709,0.3746,215353.58,2024-09-15 06:00:00+02:00
654,1726373700.0,0.3746,0.3914,0.3744,0.3874,257551.02,2024-09-15 06:15:00+02:00
655,1726374600.0,0.3874,0.3891,0.3831,0.3881,398792.64,2024-09-15 06:30:00+02:00
656,1726375500.0,0.3881,0.3881,0.384,0.3869,208353.96,2024-09-15 06:45:00+02:00
657,1726376400.0,0.3869,0.3881,0.3823,0.385,99061.96,2024-09-15 07:00:00+02:00
658,1726377300.0,0.385,0.4,0.385,0.3961,111686.61,2024-09-15 07:15:00+02:00
659,1726378200.0,0.3961,0.3984,0.3908,0.3927,203648.56,2024-09-15 07:30:00+02:00
660,1726379100.0,0.3927,0.3943,0.3892,0.3917,199576.9,2024-09-15 07:45:00+02:00
661,1726380000.0,0.3917,0.395,0.3902,0.3935,187842.12,2024-09-15 08:00:00+02:00
662,1726380900.0,0.3935,0.395,0.3871,0.3881,188762.32,2024-09-15 08:15:00+02:00
663,1726381800.0,0.3881,0.3913,0.3874,0.3901,168264.35,2024-09-15 08:30:00+02:00
664,1726382700.0,0.3901,0.3925,0.3867,0.3889,213554.31,2024-09-15 08:45:00+02:00
665,1726383600.0,0.3889,0.3889,0.3837,0.3846,181789.4,2024-09-15 09:00:00+02:00
666,1726384500.0,0.3846,0.3872,0.3833,0.3852,138058.1,2024-09-15 09:15:00+02:00
667,1726385400.0,0.3852,0.3852,0.3711,0.3731,163935.95,2024-09-15 09:30:00+02:00
668,1726386300.0,0.3731,0.3754,0.3712,0.3737,193217.47,2024-09-15 09:45:00+02:00
669,1726387200.0,0.3737,0.3758,0.3625,0.3666,199526.31,2024-09-15 10:00:00+02:00
670,1726388100.0,0.3666,0.3734,0.3666,0.3734,173374.3,2024-09-15 10:15:00+02:00
671,1726389000.0,0.3734,0.3748,0.3716,0.3719,179658.6,2024-09-15 10:30:00+02:00
672,1726389900.0,0.3719,0.3816,0.3719,0.3795,230835.16,2024-09-15 10:45:00+02:00
673,1726390800.0,0.3795,0.3806,0.375,0.376,224982.09,2024-09-15 11:00:00+02:00
674,1726391700.0,0.376,0.3787,0.3748,0.3748,168991.37,2024-09-15 11:15:00+02:00
675,1726392600.0,0.3748,0.3786,0.3748,0.3784,161107.52,2024-09-15 11:30:00+02:00
676,1726393500.0,0.3784,0.3784,0.3749,0.3756,165757.06,2024-09-15 11:45:00+02:00
677,1726394400.0,0.3756,0.3765,0.3714,0.3739,220186.51,2024-09-15 12:00:00+02:00
678,1726395300.0,0.3739,0.3745,0.3664,0.3705,184981.68,2024-09-15 12:15:00+02:00
679,1726396200.0,0.3705,0.3715,0.3654,0.3676,164492.48,2024-09-15 12:30:00+02:00
680,1726397100.0,0.3676,0.3732,0.3676,0.3707,208304.73,2024-09-15 12:45:00+02:00
681,1726398000.0,0.3707,0.376,0.3707,0.3736,203980.35,2024-09-15 13:00:00+02:00
682,1726398900.0,0.3736,0.3747,0.3718,0.3736,204333.75,2024-09-15 13:15:00+02:00
683,1726399800.0,0.3736,0.3764,0.3734,0.3739,167349.84,2024-09-15 13:30:00+02:00
684,1726400700.0,0.3739,0.3764,0.3708,0.376,163206.08,2024-09-15 13:45:00+02:00
685,1726401600.0,0.376,0.3771,0.3741,0.3743,144514.99,2024-09-15 14:00:00+02:00
686,1726402500.0,0.3743,0.3768,0.373,0.3759,169141.13,2024-09-15 14:15:00+02:00
687,1726403400.0,0.3759,0.3846,0.3758,0.3821,177183.69,2024-09-15 14:30:00+02:00
688,1726404300.0,0.3821,0.3844,0.3796,0.3825,194728.43,2024-09-15 14:45:00+02:00
689,1726405200.0,0.3825,0.4314,0.3726,0.3866,927395.64,2024-09-15 15:00:00+02:00
690,1726406100.0,0.3866,0.393,0.3826,0.3861,320685.13,2024-09-15 15:15:00+02:00
691,1726407000.0,0.3861,0.3983,0.3857,0.3961,236442.54,2024-09-15 15:30:00+02:00
692,1726407900.0,0.3961,0.4051,0.3938,0.3996,247768.77,2024-09-15 15:45:00+02:00
693,1726408800.0,0.3996,0.4071,0.3905,0.393,202456.32,2024-09-15 16:00:00+02:00
694,1726409700.0,0.393,0.3942,0.3847,0.3915,169241.77,2024-09-15 16:15:00+02:00
695,1726410600.0,0.3915,0.3973,0.3909,0.3942,169511.09,2024-09-15 16:30:00+02:00
696,1726411500.0,0.3942,0.3955,0.3861,0.3883,172473.85,2024-09-15 16:45:00+02:00
697,1726412400.0,0.3883,0.4,0.3879,0.3934,233468.06,2024-09-15 17:00:00+02:00
698,1726413300.0,0.3934,0.3973,0.3908,0.3922,142038.32,2024-09-15 17:15:00+02:00
699,1726414200.0,0.3922,0.3959,0.3879,0.3944,77064.77,2024-09-15 17:30:00+02:00
700,1726415100.0,0.3944,0.3948,0.3884,0.3916,75357.89,2024-09-15 17:45:00+02:00
701,1726416000.0,0.3916,0.3937,0.3758,0.3813,100608.62,2024-09-15 18:00:00+02:00
702,1726416900.0,0.3813,0.3864,0.3789,0.3854,99479.86,2024-09-15 18:15:00+02:00
703,1726417800.0,0.3854,0.3891,0.3848,0.3854,176882.09,2024-09-15 18:30:00+02:00
704,1726418700.0,0.3854,0.3876,0.3818,0.3834,153687.05,2024-09-15 18:45:00+02:00
705,1726419600.0,0.3834,0.3861,0.3786,0.3797,182647.91,2024-09-15 19:00:00+02:00
706,1726420500.0,0.3797,0.3844,0.379,0.3838,167102.65,2024-09-15 19:15:00+02:00
707,1726421400.0,0.3838,0.3945,0.3838,0.3943,110414.44,2024-09-15 19:30:00+02:00
708,1726422300.0,0.3943,0.395,0.3885,0.3913,96785.38,2024-09-15 19:45:00+02:00
709,1726423200.0,0.3913,0.3985,0.3912,0.3958,127728.75,2024-09-15 20:00:00+02:00
710,1726424100.0,0.3958,0.3968,0.3924,0.3965,103723.24,2024-09-15 20:15:00+02:00
711,1726425000.0,0.3965,0.3969,0.391,0.3928,111826.36,2024-09-15 20:30:00+02:00
712,1726425900.0,0.3928,0.3952,0.3901,0.3907,101573.57,2024-09-15 20:45:00+02:00
713,1726426800.0,0.3907,0.398,0.3898,0.395,141235.34,2024-09-15 21:00:00+02:00
714,1726427700.0,0.395,0.3954,0.3905,0.3908,108191.45,2024-09-15 21:15:00+02:00
715,1726428600.0,0.3908,0.41,0.3908,0.4071,157130.43,2024-09-15 21:30:00+02:00
716,1726429500.0,0.4071,0.4089,0.4015,0.4022,100433.11,2024-09-15 21:45:00+02:00
717,1726430400.0,0.4022,0.4024,0.3972,0.4002,80726.69,2024-09-15 22:00:00+02:00
718,1726431300.0,0.4002,0.4002,0.3959,0.3989,93147.59,2024-09-15 22:15:00+02:00
719,1726432200.0,0.3989,0.3989,0.3941,0.3944,119676.41,2024-09-15 22:30:00+02:00
720,1726433100.0,0.3944,0.3949,0.3889,0.392,129734.84,2024-09-15 22:45:00+02:00
721,1726434000.0,0.392,0.392,0.3838,0.3862,138653.8,2024-09-15 23:00:00+02:00
722,1726434900.0,0.3862,0.39,0.3842,0.39,118226.36,2024-09-15 23:15:00+02:00
723,1726435800.0,0.39,0.3932,0.3891,0.3925,183166.48,2024-09-15 23:30:00+02:00
724,1726436700.0,0.3925,0.3961,0.3898,0.3941,177157.4,2024-09-15 23:45:00+02:00
725,1726437600.0,0.3941,0.3945,0.389,0.389,168585.06,2024-09-16 00:00:00+02:00
726,1726438500.0,0.389,0.3899,0.3856,0.3896,189927.77,2024-09-16 00:15:00+02:00
727,1726439400.0,0.3896,0.3902,0.3849,0.3886,155431.09,2024-09-16 00:30:00+02:00
728,1726440300.0,0.3886,0.3941,0.3879,0.3936,157964.66,2024-09-16 00:45:00+02:00
729,1726441200.0,0.3936,0.3936,0.3851,0.3853,172964.88,2024-09-16 01:00:00+02:00
730,1726442100.0,0.3853,0.3923,0.3853,0.3911,162249.27,2024-09-16 01:15:00+02:00
731,1726443000.0,0.3911,0.3911,0.3871,0.3886,104087.29,2024-09-16 01:30:00+02:00
732,1726443900.0,0.3886,0.3894,0.3868,0.3876,91107.08,2024-09-16 01:45:00+02:00
733,1726444800.0,0.3876,0.399,0.3864,0.3898,117789.51,2024-09-16 02:00:00+02:00
734,1726445700.0,0.3898,0.4019,0.388,0.3972,117677.78,2024-09-16 02:15:00+02:00
735,1726446600.0,0.3972,0.3977,0.3929,0.3967,175679.57,2024-09-16 02:30:00+02:00
736,1726447500.0,0.3967,0.4071,0.3937,0.4026,151030.11,2024-09-16 02:45:00+02:00
737,1726448400.0,0.4026,0.4081,0.3993,0.4006,162942.44,2024-09-16 03:00:00+02:00
738,1726449300.0,0.4006,0.4017,0.394,0.3968,171495.68,2024-09-16 03:15:00+02:00
739,1726450200.0,0.3968,0.4115,0.3957,0.4068,196975.93,2024-09-16 03:30:00+02:00
740,1726451100.0,0.4068,0.4105,0.4029,0.4064,140061.29,2024-09-16 03:45:00+02:00
741,1726452000.0,0.4064,0.4067,0.3892,0.391,213500.09,2024-09-16 04:00:00+02:00
742,1726452900.0,0.391,0.391,0.3612,0.3783,236485.07,2024-09-16 04:15:00+02:00
743,1726453800.0,0.3783,0.3793,0.3644,0.3704,196023.98,2024-09-16 04:30:00+02:00
744,1726454700.0,0.3704,0.3704,0.36,0.3646,129621.53,2024-09-16 04:45:00+02:00
745,1726455600.0,0.3646,0.3787,0.3634,0.378,173339.28,2024-09-16 05:00:00+02:00
746,1726456500.0,0.378,0.3889,0.3737,0.3838,200187.53,2024-09-16 05:15:00+02:00
747,1726457400.0,0.3838,0.3909,0.3807,0.3836,170671.11,2024-09-16 05:30:00+02:00
748,1726458300.0,0.3836,0.3906,0.3818,0.3876,105197.08,2024-09-16 05:45:00+02:00
749,1726459200.0,0.3876,0.3985,0.3872,0.3973,118977.44,2024-09-16 06:00:00+02:00
750,1726460100.0,0.3973,0.4046,0.3925,0.3937,108521.69,2024-09-16 06:15:00+02:00
751,1726461000.0,0.3937,0.3992,0.3922,0.3947,82830.85,2024-09-16 06:30:00+02:00
752,1726461900.0,0.3947,0.3948,0.3847,0.3868,94159.65,2024-09-16 06:45:00+02:00
753,1726462800.0,0.3868,0.3944,0.3851,0.3924,93516.12,2024-09-16 07:00:00+02:00
754,1726463700.0,0.3924,0.3941,0.3885,0.3906,131280.92,2024-09-16 07:15:00+02:00
755,1726464600.0,0.3906,0.3917,0.3873,0.3887,148806.81,2024-09-16 07:30:00+02:00
756,1726465500.0,0.3887,0.397,0.3875,0.3894,159487.27,2024-09-16 07:45:00+02:00
757,1726466400.0,0.3894,0.3944,0.3883,0.3923,161143.02,2024-09-16 08:00:00+02:00
758,1726467300.0,0.3923,0.393,0.3887,0.3894,163733.94,2024-09-16 08:15:00+02:00
759,1726468200.0,0.3894,0.3902,0.3734,0.3755,184320.68,2024-09-16 08:30:00+02:00
760,1726469100.0,0.3755,0.3804,0.3753,0.3771,151165.85,2024-09-16 08:45:00+02:00
761,1726470000.0,0.3771,0.392,0.3771,0.3847,136219.69,2024-09-16 09:00:00+02:00
762,1726470900.0,0.3847,0.3904,0.3845,0.3865,146823.44,2024-09-16 09:15:00+02:00
763,1726471800.0,0.3865,0.3877,0.3783,0.3807,81282.15,2024-09-16 09:30:00+02:00
764,1726472700.0,0.3807,0.3862,0.3786,0.3842,80424.01,2024-09-16 09:45:00+02:00
765,1726473600.0,0.3842,0.3847,0.3775,0.3812,85344.81,2024-09-16 10:00:00+02:00
766,1726474500.0,0.3812,0.3944,0.3812,0.3916,120488.48,2024-09-16 10:15:00+02:00
767,1726475400.0,0.3916,0.3938,0.3871,0.3896,154869.46,2024-09-16 10:30:00+02:00
768,1726476300.0,0.3896,0.398,0.3876,0.3964,156705.26,2024-09-16 10:45:00+02:00
769,1726477200.0,0.3964,0.3964,0.3902,0.3941,137419.16,2024-09-16 11:00:00+02:00
770,1726478100.0,0.3941,0.3941,0.3903,0.3925,125360.73,2024-09-16 11:15:00+02:00
771,1726479000.0,0.3925,0.3947,0.3894,0.3905,114425.56,2024-09-16 11:30:00+02:00
772,1726479900.0,0.3905,0.3952,0.3892,0.3898,135327.14,2024-09-16 11:45:00+02:00
773,1726480800.0,0.3898,0.3946,0.3896,0.3909,136435.54,2024-09-16 12:00:00+02:00
774,1726481700.0,0.3909,0.3909,0.3794,0.3852,150100.63,2024-09-16 12:15:00+02:00
775,1726482600.0,0.3852,0.3859,0.3786,0.385,148730.41,2024-09-16 12:30:00+02:00
776,1726483500.0,0.385,0.389,0.3849,0.3874,158239.21,2024-09-16 12:45:00+02:00
777,1726484400.0,0.3874,0.3913,0.3839,0.3858,106269.44,2024-09-16 13:00:00+02:00
778,1726485300.0,0.3858,0.3872,0.3823,0.3823,94736.77,2024-09-16 13:15:00+02:00
779,1726486200.0,0.3823,0.3865,0.3817,0.3846,73556.21,2024-09-16 13:30:00+02:00
780,1726487100.0,0.3846,0.3846,0.3808,0.3835,69831.87,2024-09-16 13:45:00+02:00
781,1726488000.0,0.3835,0.3861,0.3808,0.3822,75308.03,2024-09-16 14:00:00+02:00
782,1726488900.0,0.3822,0.3864,0.3814,0.3853,97773.6,2024-09-16 14:15:00+02:00
783,1726489800.0,0.3853,0.386,0.3806,0.3826,107334.93,2024-09-16 14:30:00+02:00
784,1726490700.0,0.3826,0.3828,0.3732,0.3772,106416.4,2024-09-16 14:45:00+02:00
785,1726491600.0,0.3772,0.3784,0.3693,0.3736,115602.92,2024-09-16 15:00:00+02:00
786,1726492500.0,0.3736,0.3752,0.3676,0.3715,133626.8,2024-09-16 15:15:00+02:00
787,1726493400.0,0.3715,0.3818,0.3686,0.3781,152310.62,2024-09-16 15:30:00+02:00
788,1726494300.0,0.3781,0.3843,0.3762,0.3776,151441.19,2024-09-16 15:45:00+02:00
789,1726495200.0,0.3776,0.3819,0.3774,0.3805,131364.82,2024-09-16 16:00:00+02:00
790,1726496100.0,0.3805,0.381,0.3759,0.3764,116266.41,2024-09-16 16:15:00+02:00
791,1726497000.0,0.3764,0.3907,0.3757,0.3887,162168.77,2024-09-16 16:30:00+02:00
792,1726497900.0,0.3887,0.3908,0.3848,0.3878,105788.43,2024-09-16 16:45:00+02:00
793,1726498800.0,0.3878,0.3948,0.3874,0.3917,106976.63,2024-09-16 17:00:00+02:00
794,1726499700.0,0.3917,0.4045,0.3908,0.4018,140412.89,2024-09-16 17:15:00+02:00
795,1726500600.0,0.4018,0.4034,0.3906,0.3919,82628.41,2024-09-16 17:30:00+02:00
796,1726501500.0,0.3919,0.3919,0.3838,0.3842,63584.95,2024-09-16 17:45:00+02:00
797,1726502400.0,0.3842,0.3909,0.3841,0.3876,93533.79,2024-09-16 18:00:00+02:00
798,1726503300.0,0.3876,0.3903,0.3827,0.3886,80787.88,2024-09-16 18:15:00+02:00
799,1726504200.0,0.3886,0.3904,0.3849,0.3862,85550.83,2024-09-16 18:30:00+02:00
800,1726505100.0,0.3862,0.3891,0.3792,0.3807,94357.53,2024-09-16 18:45:00+02:00
801,1726506000.0,0.3807,0.3818,0.3783,0.3797,69529.82,2024-09-16 19:00:00+02:00
802,1726506900.0,0.3797,0.383,0.3787,0.381,102470.35,2024-09-16 19:15:00+02:00
803,1726507800.0,0.381,0.3862,0.3808,0.3818,130638.85,2024-09-16 19:30:00+02:00
804,1726508700.0,0.3818,0.3858,0.3812,0.3853,95313.63,2024-09-16 19:45:00+02:00
805,1726509600.0,0.3853,0.3865,0.381,0.3826,109827.09,2024-09-16 20:00:00+02:00
806,1726510500.0,0.3826,0.3875,0.3807,0.3866,113716.94,2024-09-16 20:15:00+02:00
807,1726511400.0,0.3866,0.3868,0.3826,0.3829,56324.77,2024-09-16 20:30:00+02:00
808,1726512300.0,0.3829,0.3862,0.3815,0.3858,81743.85,2024-09-16 20:45:00+02:00
809,1726513200.0,0.3858,0.3866,0.3811,0.3812,58975.16,2024-09-16 21:00:00+02:00
810,1726514100.0,0.3812,0.385,0.3809,0.3845,71063.87,2024-09-16 21:15:00+02:00
811,1726515000.0,0.3845,0.3905,0.3813,0.389,107099.57,2024-09-16 21:30:00+02:00
812,1726515900.0,0.389,0.3938,0.3878,0.3909,123052.13,2024-09-16 21:45:00+02:00
813,1726516800.0,0.3909,0.3922,0.3884,0.3898,81895.49,2024-09-16 22:00:00+02:00
814,1726517700.0,0.3898,0.3956,0.3879,0.3885,127213.05,2024-09-16 22:15:00+02:00
815,1726518600.0,0.3885,0.392,0.3881,0.3904,158368.17,2024-09-16 22:30:00+02:00
816,1726519500.0,0.3904,0.3943,0.3854,0.3864,129072.65,2024-09-16 22:45:00+02:00
817,1726520400.0,0.3864,0.3874,0.3849,0.3867,166541.37,2024-09-16 23:00:00+02:00
818,1726521300.0,0.3867,0.3891,0.3853,0.3871,116767.77,2024-09-16 23:15:00+02:00
819,1726522200.0,0.3871,0.3931,0.3866,0.3928,46768.9,2024-09-16 23:30:00+02:00
820,1726523100.0,0.3928,0.3974,0.3919,0.3974,66229.63,2024-09-16 23:45:00+02:00
821,1726524000.0,0.3974,0.3974,0.3914,0.3933,99824.32,2024-09-17 00:00:00+02:00
822,1726524900.0,0.3933,0.3964,0.3927,0.3949,79842.11,2024-09-17 00:15:00+02:00
823,1726525800.0,0.3949,0.4024,0.3948,0.3998,159192.76,2024-09-17 00:30:00+02:00
824,1726526700.0,0.3998,0.4009,0.3973,0.3998,125488.67,2024-09-17 00:45:00+02:00
825,1726527600.0,0.3998,0.4091,0.3981,0.4091,164220.52,2024-09-17 01:00:00+02:00
826,1726528500.0,0.4091,0.419,0.4081,0.4177,180479.95,2024-09-17 01:15:00+02:00
827,1726529400.0,0.4177,0.429,0.4166,0.4231,185406.3,2024-09-17 01:30:00+02:00
828,1726530300.0,0.4231,0.4319,0.4226,0.43,225733.51,2024-09-17 01:45:00+02:00
829,1726531200.0,0.43,0.4368,0.4181,0.4211,191430.17,2024-09-17 02:00:00+02:00
830,1726532100.0,0.4211,0.4278,0.4144,0.4196,142956.32,2024-09-17 02:15:00+02:00
831,1726533000.0,0.4196,0.4269,0.4188,0.4225,78883.66,2024-09-17 02:30:00+02:00
832,1726533900.0,0.4225,0.4235,0.4116,0.4134,127061.01,2024-09-17 02:45:00+02:00
833,1726534800.0,0.4134,0.4165,0.4116,0.4149,84045.62,2024-09-17 03:00:00+02:00
834,1726535700.0,0.4149,0.4236,0.4149,0.4229,114756.45,2024-09-17 03:15:00+02:00
835,1726536600.0,0.4229,0.4264,0.4187,0.4259,63934.36,2024-09-17 03:30:00+02:00
836,1726537500.0,0.4259,0.4447,0.4254,0.442,149301.1,2024-09-17 03:45:00+02:00
837,1726538400.0,0.442,0.46,0.4381,0.4533,224606.18,2024-09-17 04:00:00+02:00
838,1726539300.0,0.4533,0.4568,0.449,0.4531,294251.71,2024-09-17 04:15:00+02:00
839,1726540200.0,0.4531,0.4585,0.4509,0.4538,389950.81,2024-09-17 04:30:00+02:00
840,1726541100.0,0.4538,0.4755,0.4501,0.4671,332338.6,2024-09-17 04:45:00+02:00
841,1726542000.0,0.4671,0.4734,0.4619,0.4632,284813.27,2024-09-17 05:00:00+02:00
842,1726542900.0,0.4632,0.4727,0.463,0.4697,132288.27,2024-09-17 05:15:00+02:00
843,1726543800.0,0.4697,0.4711,0.4646,0.4677,146296.33,2024-09-17 05:30:00+02:00
844,1726544700.0,0.4677,0.4703,0.4645,0.4679,82549.75,2024-09-17 05:45:00+02:00
845,1726545600.0,0.4679,0.4828,0.4657,0.4747,192429.8,2024-09-17 06:00:00+02:00
846,1726546500.0,0.4747,0.4778,0.4714,0.473,131623.45,2024-09-17 06:15:00+02:00
847,1726547400.0,0.473,0.4762,0.4707,0.4735,96291.59,2024-09-17 06:30:00+02:00
848,1726548300.0,0.4735,0.4746,0.4598,0.4699,108756.64,2024-09-17 06:45:00+02:00
849,1726549200.0,0.4699,0.4715,0.4638,0.4638,84096.68,2024-09-17 07:00:00+02:00
850,1726550100.0,0.4638,0.4667,0.4592,0.4636,102448.91,2024-09-17 07:15:00+02:00
851,1726551000.0,0.4636,0.4656,0.4561,0.4587,141005.52,2024-09-17 07:30:00+02:00
852,1726551900.0,0.4587,0.4641,0.4571,0.4623,178887.36,2024-09-17 07:45:00+02:00
853,1726552800.0,0.4623,0.4682,0.4615,0.466,150959.28,2024-09-17 08:00:00+02:00
854,1726553700.0,0.466,0.468,0.4628,0.4646,145001.03,2024-09-17 08:15:00+02:00
855,1726554600.0,0.4646,0.4727,0.4633,0.4707,144782.75,2024-09-17 08:30:00+02:00
856,1726555500.0,0.4707,0.4787,0.469,0.4707,120420.87,2024-09-17 08:45:00+02:00
857,1726556400.0,0.4707,0.4743,0.4677,0.4726,130375.73,2024-09-17 09:00:00+02:00
858,1726557300.0,0.4726,0.4859,0.4726,0.4826,245101.43,2024-09-17 09:15:00+02:00
859,1726558200.0,0.4826,0.4833,0.4748,0.4786,198822.78,2024-09-17 09:30:00+02:00
860,1726559100.0,0.4786,0.4818,0.4765,0.4818,146062.82,2024-09-17 09:45:00+02:00
861,1726560000.0,0.4818,0.4818,0.4747,0.4772,188040.16,2024-09-17 10:00:00+02:00
862,1726560900.0,0.4772,0.4795,0.4729,0.4791,198738.73,2024-09-17 10:15:00+02:00
863,1726561800.0,0.4791,0.487,0.479,0.4818,141996.76,2024-09-17 10:30:00+02:00
864,1726562700.0,0.4818,0.4859,0.4804,0.4825,154238.73,2024-09-17 10:45:00+02:00
865,1726563600.0,0.4825,0.4934,0.4819,0.4867,336999.85,2024-09-17 11:00:00+02:00
866,1726564500.0,0.4867,0.4997,0.4861,0.4985,249085.83,2024-09-17 11:15:00+02:00
867,1726565400.0,0.4985,0.5027,0.4954,0.5002,237634.46,2024-09-17 11:30:00+02:00
868,1726566300.0,0.5002,0.5166,0.5002,0.5095,252881.47,2024-09-17 11:45:00+02:00
869,1726567200.0,0.5095,0.5235,0.5089,0.5224,304976.68,2024-09-17 12:00:00+02:00
870,1726568100.0,0.5224,0.541,0.5209,0.5316,342920.44,2024-09-17 12:15:00+02:00
871,1726569000.0,0.5316,0.5419,0.5313,0.5413,246457.44,2024-09-17 12:30:00+02:00
872,1726569900.0,0.5413,0.5449,0.5025,0.5116,369038.7,2024-09-17 12:45:00+02:00
873,1726570800.0,0.5116,0.5154,0.4941,0.5126,239338.29,2024-09-17 13:00:00+02:00
874,1726571700.0,0.5126,0.5251,0.5094,0.5188,230323.49,2024-09-17 13:15:00+02:00
875,1726572600.0,0.5188,0.521,0.5123,0.5195,195514.58,2024-09-17 13:30:00+02:00
876,1726573500.0,0.5195,0.5265,0.5187,0.5199,140171.1,2024-09-17 13:45:00+02:00
877,1726574400.0,0.5199,0.5233,0.5133,0.518,223290.03,2024-09-17 14:00:00+02:00
878,1726575300.0,0.518,0.5214,0.5105,0.5172,164774.26,2024-09-17 14:15:00+02:00
879,1726576200.0,0.5172,0.5282,0.5125,0.5245,140426.43,2024-09-17 14:30:00+02:00
880,1726577100.0,0.5245,0.5269,0.5199,0.5229,127369.37,2024-09-17 14:45:00+02:00
881,1726578000.0,0.5229,0.5256,0.5178,0.5201,118431.0,2024-09-17 15:00:00+02:00
882,1726578900.0,0.5201,0.5234,0.5143,0.5193,138853.64,2024-09-17 15:15:00+02:00
883,1726579800.0,0.5193,0.5224,0.5155,0.5217,126626.16,2024-09-17 15:30:00+02:00
884,1726580700.0,0.5217,0.5259,0.5176,0.522,139311.94,2024-09-17 15:45:00+02:00
885,1726581600.0,0.522,0.5354,0.5211,0.5308,179852.35,2024-09-17 16:00:00+02:00
886,1726582500.0,0.5308,0.54,0.5308,0.5338,191088.35,2024-09-17 16:15:00+02:00
887,1726583400.0,0.5338,0.5348,0.5253,0.5263,116831.89,2024-09-17 16:30:00+02:00
888,1726584300.0,0.5263,0.5308,0.524,0.5265,123720.9,2024-09-17 16:45:00+02:00
889,1726585200.0,0.5265,0.5317,0.5166,0.5186,206764.49,2024-09-17 17:00:00+02:00
890,1726586100.0,0.5186,0.5246,0.5147,0.5219,163247.91,2024-09-17 17:15:00+02:00
891,1726587000.0,0.5219,0.53,0.5206,0.5236,196883.08,2024-09-17 17:30:00+02:00
892,1726587900.0,0.5236,0.5322,0.5231,0.5305,188159.3,2024-09-17 17:45:00+02:00
893,1726588800.0,0.5305,0.5305,0.5203,0.5283,270152.06,2024-09-17 18:00:00+02:00
894,1726589700.0,0.5283,0.5284,0.5214,0.527,158990.37,2024-09-17 18:15:00+02:00
895,1726590600.0,0.527,0.5278,0.518,0.523,79934.8,2024-09-17 18:30:00+02:00
896,1726591500.0,0.523,0.5253,0.5191,0.5207,77766.2,2024-09-17 18:45:00+02:00
897,1726592400.0,0.5207,0.5274,0.517,0.5271,88057.34,2024-09-17 19:00:00+02:00
898,1726593300.0,0.5271,0.5626,0.5264,0.5488,161817.07,2024-09-17 19:15:00+02:00
899,1726594200.0,0.5488,0.5775,0.5476,0.5761,145788.5,2024-09-17 19:30:00+02:00
900,1726595100.0,0.5761,0.61,0.5757,0.5965,198476.59,2024-09-17 19:45:00+02:00
901,1726596000.0,0.5965,0.6465,0.5937,0.6355,222168.76,2024-09-17 20:00:00+02:00
902,1726596900.0,0.6355,0.6449,0.6142,0.6261,137639.31,2024-09-17 20:15:00+02:00
903,1726597800.0,0.6261,0.6337,0.6213,0.6266,119089.52,2024-09-17 20:30:00+02:00
904,1726598700.0,0.6266,0.6309,0.6048,0.6117,105009.32,2024-09-17 20:45:00+02:00
905,1726599600.0,0.6117,0.6262,0.6104,0.621,96398.06,2024-09-17 21:00:00+02:00
906,1726600500.0,0.621,0.6263,0.6168,0.6219,111257.05,2024-09-17 21:15:00+02:00
907,1726601400.0,0.6219,0.635,0.6187,0.6287,81704.07,2024-09-17 21:30:00+02:00
908,1726602300.0,0.6287,0.6331,0.6213,0.6331,101889.94,2024-09-17 21:45:00+02:00
909,1726603200.0,0.6331,0.6648,0.6278,0.6596,118601.16,2024-09-17 22:00:00+02:00
910,1726604100.0,0.6596,0.675,0.6547,0.6631,105340.19,2024-09-17 22:15:00+02:00
911,1726605000.0,0.6631,0.6691,0.6383,0.6412,97400.2,2024-09-17 22:30:00+02:00
912,1726605900.0,0.6412,0.6506,0.6332,0.6488,94813.11,2024-09-17 22:45:00+02:00
913,1726606800.0,0.6488,0.6546,0.6437,0.6517,67838.6,2024-09-17 23:00:00+02:00
914,1726607700.0,0.6517,0.6517,0.6308,0.6478,111014.06,2024-09-17 23:15:00+02:00
915,1726608600.0,0.6478,0.6611,0.6465,0.6572,87552.26,2024-09-17 23:30:00+02:00
916,1726609500.0,0.6572,0.6585,0.6483,0.6536,162655.2,2024-09-17 23:45:00+02:00
917,1726610400.0,0.6536,0.6536,0.6413,0.6492,93858.54,2024-09-18 00:00:00+02:00
918,1726611300.0,0.6492,0.6492,0.6363,0.6458,82435.81,2024-09-18 00:15:00+02:00
919,1726612200.0,0.6458,0.6506,0.6372,0.6384,93180.24,2024-09-18 00:30:00+02:00
920,1726613100.0,0.6384,0.6511,0.6308,0.6442,97052.37,2024-09-18 00:45:00+02:00
921,1726614000.0,0.6442,0.6459,0.6224,0.63,117413.47,2024-09-18 01:00:00+02:00
922,1726614900.0,0.63,0.6364,0.6283,0.631,105615.17,2024-09-18 01:15:00+02:00
923,1726615800.0,0.631,0.6425,0.631,0.6351,104262.1,2024-09-18 01:30:00+02:00
924,1726616700.0,0.6351,0.6433,0.6329,0.6406,115308.21,2024-09-18 01:45:00+02:00
925,1726617600.0,0.6406,0.6671,0.6378,0.6671,199934.1,2024-09-18 02:00:00+02:00
926,1726618500.0,0.6671,0.6674,0.6414,0.6536,225551.46,2024-09-18 02:15:00+02:00
927,1726619400.0,0.6536,0.6962,0.6536,0.6863,365933.57,2024-09-18 02:30:00+02:00
928,1726620300.0,0.6863,0.6935,0.6687,0.6706,217618.05,2024-09-18 02:45:00+02:00
929,1726621200.0,0.6706,0.6871,0.6609,0.6771,212994.81,2024-09-18 03:00:00+02:00
930,1726622100.0,0.6771,0.6965,0.675,0.6829,179743.49,2024-09-18 03:15:00+02:00
931,1726623000.0,0.6829,0.6974,0.6771,0.6952,174360.43,2024-09-18 03:30:00+02:00
932,1726623900.0,0.6952,0.7339,0.6869,0.7276,299315.53,2024-09-18 03:45:00+02:00
933,1726624800.0,0.7276,0.7381,0.7175,0.7297,225208.37,2024-09-18 04:00:00+02:00
934,1726625700.0,0.7297,0.7512,0.7028,0.7162,238217.23,2024-09-18 04:15:00+02:00
935,1726626600.0,0.7162,0.7273,0.7141,0.7199,113187.86,2024-09-18 04:30:00+02:00
936,1726627500.0,0.7199,0.743,0.7196,0.7375,144704.82,2024-09-18 04:45:00+02:00
937,1726628400.0,0.7375,0.743,0.7238,0.7292,75971.6,2024-09-18 05:00:00+02:00
938,1726629300.0,0.7292,0.7333,0.7179,0.7289,102266.03,2024-09-18 05:15:00+02:00
939,1726630200.0,0.7289,0.7322,0.7225,0.7244,120573.08,2024-09-18 05:30:00+02:00
940,1726631100.0,0.7244,0.7318,0.7175,0.7282,110777.23,2024-09-18 05:45:00+02:00
941,1726632000.0,0.7282,0.7282,0.7148,0.7237,141459.9,2024-09-18 06:00:00+02:00
942,1726632900.0,0.7237,0.7269,0.7185,0.7216,93535.2,2024-09-18 06:15:00+02:00
943,1726633800.0,0.7216,0.725,0.7053,0.7157,59907.5,2024-09-18 06:30:00+02:00
944,1726634700.0,0.7157,0.7164,0.6798,0.7053,107384.18,2024-09-18 06:45:00+02:00
945,1726635600.0,0.7053,0.707,0.6129,0.6499,307159.46,2024-09-18 07:00:00+02:00
946,1726636500.0,0.6499,0.6836,0.6491,0.678,161879.47,2024-09-18 07:15:00+02:00
947,1726637400.0,0.678,0.6842,0.6485,0.6618,227351.51,2024-09-18 07:30:00+02:00
948,1726638300.0,0.6618,0.6666,0.6388,0.6666,153099.2,2024-09-18 07:45:00+02:00
949,1726639200.0,0.6666,0.6762,0.6576,0.6716,64553.46,2024-09-18 08:00:00+02:00
950,1726640100.0,0.6716,0.6747,0.6605,0.6684,90793.74,2024-09-18 08:15:00+02:00
951,1726641000.0,0.6684,0.6795,0.668,0.6748,85541.08,2024-09-18 08:30:00+02:00
952,1726641900.0,0.6748,0.6945,0.6698,0.6857,107609.79,2024-09-18 08:45:00+02:00
953,1726642800.0,0.6857,0.6987,0.6803,0.6933,87867.29,2024-09-18 09:00:00+02:00
954,1726643700.0,0.6933,0.708,0.6909,0.708,98527.89,2024-09-18 09:15:00+02:00
955,1726644600.0,0.708,0.718,0.6947,0.702,125399.75,2024-09-18 09:30:00+02:00
956,1726645500.0,0.702,0.7028,0.687,0.6961,101841.66,2024-09-18 09:45:00+02:00
957,1726646400.0,0.6961,0.6961,0.669,0.6766,201551.77,2024-09-18 10:00:00+02:00
958,1726647300.0,0.6766,0.6864,0.6749,0.6816,85136.06,2024-09-18 10:15:00+02:00
959,1726648200.0,0.6816,0.6917,0.6755,0.687,31938.91,2024-09-18 10:30:00+02:00
